--
-- PostgreSQL database dump
--

-- Dumped from database version 9.6.2
-- Dumped by pg_dump version 9.6.2

-- Started on 2017-07-14 10:47:46 BRT

SET statement_timeout = 0;
SET lock_timeout = 0;
SET idle_in_transaction_session_timeout = 0;
SET client_encoding = 'UTF8';
SET standard_conforming_strings = on;
SET check_function_bodies = false;
SET client_min_messages = warning;
SET row_security = off;

SET search_path = public, pg_catalog;

--
-- TOC entry 2247 (class 0 OID 34165)
-- Dependencies: 193
-- Data for Name: usuario; Type: TABLE DATA; Schema: public; Owner: postgres
--

COPY usuario (id, ativo, celular, cpf, data_alteracao, data_cadastro, email, endereco, nome, permissoes, senha, criador_id, ultimo_alterador, ultimo_alterador_id) FROM stdin;
21	t	4456465	55841155172	\N	\N	asdad@asd.com	dsaadsasdg	Jose	ADMINISTRADOR	$2a$10$HeOQ20iYik3hpdkOge8omOzAzZOt3s4C5zEIHKcgh4xfKdu87k0.6	18	\N	18
23	f	456456456	65476673164	2017-07-14	2017-07-14	asd@asdasdas.c	adsasd	Silvio  $antos	ADMINISTRADOR	$2a$10$Ycc9EYYjPDXj0cV.CjTT6ObzgJI/VVMVCo87JB18nLuO/lDMPYn7m	18	\N	18
18	t	\N	02542322058	2017-07-14	\N	wagner.mattei@gmail.com	asdasddsa	Wagner G. Mattei	ADMINISTRADOR	$2a$10$3JJD81xIbBwNYV4KAShzE.FiPsR/DFvBDeA77Fz0fUmPwRv5b3rmi	\N	\N	\N
24	t	555555555555	65938663261	\N	2017-07-14	wagner.mattei@eits.com.br	Centro, Av. JK	Wagner Colaborador	COLABORADOR	$2a$10$pNQgSdKJInadOkFTuBgt1eZZ6c.owICQaRb.iE6thTI8XTKr7nd5W	18	\N	\N
19	t	4567464156	27707733134	2017-07-14	2017-07-13	arthur.kenji@eits.com.br	asdasdadssa	Arthur	COLABORADOR	$2a$10$gXNsG/wUeh6M1xnpToeYm.Oh.pbcgsA.uMv6ZImO9qOTyrjncB1xG	\N	\N	18
22	t	45645646	59371756624	\N	2017-07-14	asdasd@asdd.cop	asdasdasdasd	Joao	COLABORADOR	$2a$10$8VQW.X8dKAAtkzgVGeEnuedp4/tEeQkvH18P.tjAbNElPMQISNHqK	18	\N	\N
20	t	5456456456	60516148508	\N	\N	andre.luiz@eits.com.br	asddsa	Andre Luiz	ADMINISTRADOR	$2a$10$WBl6jyG5Taq48Vhm7e0wvetNU9hwdsJJJAibX/wZLxaEstKYJqeKe	\N	\N	\N
\.


--
-- TOC entry 2240 (class 0 OID 34122)
-- Dependencies: 186
-- Data for Name: conta; Type: TABLE DATA; Schema: public; Owner: postgres
--

COPY conta (numero, criador, data_alteracao, data_cadastro, descricao, nome, saldo, ultimoalterador, criador_id, ultimo_alterador_id) FROM stdin;
2	\\xaced000573720026636f6d2e656974732e6465736166696f2e646f6d61696e2e656e746974792e5573756172696f000000000000000102000f5a0005617469766f4a000269644c000763656c756c61727400124c6a6176612f6c616e672f537472696e673b4c000c636f6e6669726d53656e686171007e00014c000363706671007e00014c000763726961646f727400284c636f6d2f656974732f6465736166696f2f646f6d61696e2f656e746974792f5573756172696f3b4c000d64617461416c7465726163616f7400154c6a6176612f74696d652f4c6f63616c446174653b4c000c64617461436164617374726f71007e00034c0005656d61696c71007e00014c0008656e64657265636f71007e00014c00046e6f6d6571007e00014c000a7065726d6973736f657374002b4c636f6d2f656974732f6465736166696f2f646f6d61696e2f656e746974792f5065726d6973736f65733b5b00077065736f4350467400025b494c000573656e686171007e00014c000f756c74696d6f416c74657261646f7271007e0002787001000000000000000074000b34353939393539383330387074000b30323534323332323035387070707400177761676e65722e6d617474656940676d61696c2e636f6d74000643656e74726f74000d5761676e6572204d61747465697e720029636f6d2e656974732e6465736166696f2e646f6d61696e2e656e746974792e5065726d6973736f657300000000000000001200007872000e6a6176612e6c616e672e456e756d0000000000000000120000787074000d41444d494e4953545241444f52757200025b494dba602676eab2a502000078700000000a0000000b0000000a00000009000000080000000700000006000000050000000400000003000000027070	2017-07-12	2017-07-12	\N	Caixa Nova	229	\\xaced000573720026636f6d2e656974732e6465736166696f2e646f6d61696e2e656e746974792e5573756172696f000000000000000102000f5a0005617469766f4a000269644c000763656c756c61727400124c6a6176612f6c616e672f537472696e673b4c000c636f6e6669726d53656e686171007e00014c000363706671007e00014c000763726961646f727400284c636f6d2f656974732f6465736166696f2f646f6d61696e2f656e746974792f5573756172696f3b4c000d64617461416c7465726163616f7400154c6a6176612f74696d652f4c6f63616c446174653b4c000c64617461436164617374726f71007e00034c0005656d61696c71007e00014c0008656e64657265636f71007e00014c00046e6f6d6571007e00014c000a7065726d6973736f657374002b4c636f6d2f656974732f6465736166696f2f646f6d61696e2f656e746974792f5065726d6973736f65733b5b00077065736f4350467400025b494c000573656e686171007e00014c000f756c74696d6f416c74657261646f7271007e0002787001000000000000000074000b34353939393539383330387074000b30323534323332323035387070707400177761676e65722e6d617474656940676d61696c2e636f6d74000643656e74726f74000d5761676e6572204d61747465697e720029636f6d2e656974732e6465736166696f2e646f6d61696e2e656e746974792e5065726d6973736f657300000000000000001200007872000e6a6176612e6c616e672e456e756d0000000000000000120000787074000d41444d494e4953545241444f52757200025b494dba602676eab2a502000078700000000a0000000b0000000a000000090000000800000007000000060000000500000004000000030000000274000561646d696e70	\N	\N
4	\\xaced000573720026636f6d2e656974732e6465736166696f2e646f6d61696e2e656e746974792e5573756172696f000000000000000102000f5a0005617469766f4a000269644c000763656c756c61727400124c6a6176612f6c616e672f537472696e673b4c000c636f6e6669726d53656e686171007e00014c000363706671007e00014c000763726961646f727400284c636f6d2f656974732f6465736166696f2f646f6d61696e2f656e746974792f5573756172696f3b4c000d64617461416c7465726163616f7400154c6a6176612f74696d652f4c6f63616c446174653b4c000c64617461436164617374726f71007e00034c0005656d61696c71007e00014c0008656e64657265636f71007e00014c00046e6f6d6571007e00014c000a7065726d6973736f657374002b4c636f6d2f656974732f6465736166696f2f646f6d61696e2f656e746974792f5065726d6973736f65733b5b00077065736f4350467400025b494c000573656e686171007e00014c000f756c74696d6f416c74657261646f7271007e0002787001000000000000000174000b34353939393539383330387074000b30323534323332323035387070707400177761676e65722e6d617474656940676d61696c2e636f6d74001743656e74726f206465204e6f7661205a656c616e64696174000d5761676e6572204d61747465697e720029636f6d2e656974732e6465736166696f2e646f6d61696e2e656e746974792e5065726d6973736f657300000000000000001200007872000e6a6176612e6c616e672e456e756d0000000000000000120000787074000d41444d494e4953545241444f52757200025b494dba602676eab2a502000078700000000a0000000b0000000a00000009000000080000000700000006000000050000000400000003000000027070	2017-07-12	2017-07-12	dsadasd	Caixa	-207	\\xaced000573720026636f6d2e656974732e6465736166696f2e646f6d61696e2e656e746974792e5573756172696f000000000000000102000f5a0005617469766f4a000269644c000763656c756c61727400124c6a6176612f6c616e672f537472696e673b4c000c636f6e6669726d53656e686171007e00014c000363706671007e00014c000763726961646f727400284c636f6d2f656974732f6465736166696f2f646f6d61696e2f656e746974792f5573756172696f3b4c000d64617461416c7465726163616f7400154c6a6176612f74696d652f4c6f63616c446174653b4c000c64617461436164617374726f71007e00034c0005656d61696c71007e00014c0008656e64657265636f71007e00014c00046e6f6d6571007e00014c000a7065726d6973736f657374002b4c636f6d2f656974732f6465736166696f2f646f6d61696e2f656e746974792f5065726d6973736f65733b5b00077065736f4350467400025b494c000573656e686171007e00014c000f756c74696d6f416c74657261646f7271007e0002787001000000000000000174000b34353939393539383330387074000b3032353432333232303538707372000d6a6176612e74696d652e536572955d84ba1b2248b20c00007870770703000007e1070c78707400177761676e65722e6d617474656940676d61696c2e636f6d74001743656e74726f206465204e6f7661205a656c616e64696174000d5761676e6572204d61747465697e720029636f6d2e656974732e6465736166696f2e646f6d61696e2e656e746974792e5065726d6973736f657300000000000000001200007872000e6a6176612e6c616e672e456e756d0000000000000000120000787074000d41444d494e4953545241444f52757200025b494dba602676eab2a502000078700000000a0000000b0000000a000000090000000800000007000000060000000500000004000000030000000274003c24326124313024672e7754345230576e66656c316a632f6b38344f5875775a453032426c4143534c6657793654796347507676454b76496d3836534770	\N	\N
8	\N	\N	2017-07-14	\N	Carteira do Andre	0	\N	18	\N
9	\N	\N	2017-07-14	\N	Conta Nova	0	\N	18	\N
7	\N	\N	2017-07-14	\N	Cartão de Crédito Black	9	\N	18	\N
\.


--
-- TOC entry 2242 (class 0 OID 34139)
-- Dependencies: 188
-- Data for Name: revinfo; Type: TABLE DATA; Schema: public; Owner: postgres
--

COPY revinfo (rev, revtstmp) FROM stdin;
1	1499875654754
2	1499875661427
3	1499875664990
4	1499875671651
5	1499875681967
6	1499875688337
7	1499875704719
8	1499875968181
9	1499876585180
10	1499876752460
11	1499877605656
12	1499877621403
13	1499877634282
14	1499877638946
15	1499877653811
16	1499877658622
17	1499877667994
18	1499877678875
19	1499877693248
20	1499877696798
21	1499878372361
22	1499878778312
23	1499878790331
24	1499879178899
25	1499879220135
26	1499879227585
27	1499879380845
28	1499879432502
29	1499880530864
30	1499880541625
31	1499880542445
32	1499880579607
33	1499880586702
34	1499880587240
35	1499880602098
36	1499880608220
37	1499880624697
38	1499880652924
39	1499880657255
40	1499880662046
41	1499880667766
42	1499880841065
43	1499880849410
44	1499880856756
45	1499885775012
46	1499887862177
47	1499888121545
48	1499888341205
49	1499888546969
50	1499888778542
51	1499889395418
52	1499889406252
53	1499889413407
54	1499889620973
55	1499889630742
56	1499889739969
57	1499889776226
58	1499889780678
59	1499890033180
60	1499890044033
61	1499890073517
62	1499891550505
63	1499891556794
64	1499891610030
65	1499892350007
66	1499892357543
67	1499892360637
68	1499892628360
69	1499892659365
70	1499892668640
71	1499892680910
72	1499892827044
73	1499892833598
74	1499892838221
75	1499892999388
76	1499893004577
77	1499893008555
78	1499893110078
79	1499893113944
80	1499893119972
81	1499948884802
82	1499950148570
83	1499950155453
84	1499950890639
85	1499950942575
86	1499951854506
87	1499951870283
88	1499951906887
89	1499952050377
90	1499952295612
91	1499952327130
92	1499952402330
93	1499952440417
94	1499957144725
95	1499957153562
96	1499972912549
97	1499972915915
98	1500033771375
99	1500033790006
100	1500034051992
101	1500034334950
102	1500034341683
103	1500034350141
104	1500034702608
105	1500034707311
106	1500034742159
107	1500034749018
108	1500034758467
109	1500034766714
110	1500034791488
111	1500034819510
112	1500034829453
113	1500034976527
114	1500034981287
115	1500035040039
116	1500035497853
117	1500035736985
118	1500036125334
119	1500036234240
120	1500036244491
121	1500036260332
122	1500036275200
123	1500036281106
124	1500036285398
125	1500036336443
126	1500036459467
127	1500036478958
128	1500036483060
129	1500036490056
130	1500036494235
131	1500036498510
132	1500036516395
133	1500036533518
134	1500036551331
135	1500036563082
136	1500036573007
137	1500036616979
138	1500036675491
139	1500036686077
140	1500036688091
141	1500036787723
142	1500036935719
143	1500037058310
144	1500037111603
145	1500037120235
146	1500037159205
147	1500037384141
148	1500037926990
149	1500038154913
150	1500038204825
151	1500038325630
152	1500038748212
\.


--
-- TOC entry 2241 (class 0 OID 34131)
-- Dependencies: 187
-- Data for Name: conta_aud; Type: TABLE DATA; Schema: public; Owner: postgres
--

COPY conta_aud (numero, rev, revtype, criador, data_alteracao, data_cadastro, descricao, nome, saldo, ultimoalterador, criador_id, ultimo_alterador_id) FROM stdin;
1	1	0	\\xaced000573720026636f6d2e656974732e6465736166696f2e646f6d61696e2e656e746974792e5573756172696f000000000000000102000f5a0005617469766f4a000269644c000763656c756c61727400124c6a6176612f6c616e672f537472696e673b4c000c636f6e6669726d53656e686171007e00014c000363706671007e00014c000763726961646f727400284c636f6d2f656974732f6465736166696f2f646f6d61696e2f656e746974792f5573756172696f3b4c000d64617461416c7465726163616f7400154c6a6176612f74696d652f4c6f63616c446174653b4c000c64617461436164617374726f71007e00034c0005656d61696c71007e00014c0008656e64657265636f71007e00014c00046e6f6d6571007e00014c000a7065726d6973736f657374002b4c636f6d2f656974732f6465736166696f2f646f6d61696e2f656e746974792f5065726d6973736f65733b5b00077065736f4350467400025b494c000573656e686171007e00014c000f756c74696d6f416c74657261646f7271007e0002787001000000000000000074000b34353939393539383330387074000b30323534323332323035387070707400177761676e65722e6d617474656940676d61696c2e636f6d74000643656e74726f74000d5761676e6572204d61747465697e720029636f6d2e656974732e6465736166696f2e646f6d61696e2e656e746974792e5065726d6973736f657300000000000000001200007872000e6a6176612e6c616e672e456e756d0000000000000000120000787074000d41444d494e4953545241444f52757200025b494dba602676eab2a502000078700000000a0000000b0000000a000000090000000800000007000000060000000500000004000000030000000274000561646d696e70	\N	2017-07-12	\N	ContaNova	0	\N	\N	\N
2	2	0	\\xaced000573720026636f6d2e656974732e6465736166696f2e646f6d61696e2e656e746974792e5573756172696f000000000000000102000f5a0005617469766f4a000269644c000763656c756c61727400124c6a6176612f6c616e672f537472696e673b4c000c636f6e6669726d53656e686171007e00014c000363706671007e00014c000763726961646f727400284c636f6d2f656974732f6465736166696f2f646f6d61696e2f656e746974792f5573756172696f3b4c000d64617461416c7465726163616f7400154c6a6176612f74696d652f4c6f63616c446174653b4c000c64617461436164617374726f71007e00034c0005656d61696c71007e00014c0008656e64657265636f71007e00014c00046e6f6d6571007e00014c000a7065726d6973736f657374002b4c636f6d2f656974732f6465736166696f2f646f6d61696e2f656e746974792f5065726d6973736f65733b5b00077065736f4350467400025b494c000573656e686171007e00014c000f756c74696d6f416c74657261646f7271007e0002787001000000000000000074000b34353939393539383330387074000b30323534323332323035387070707400177761676e65722e6d617474656940676d61696c2e636f6d74000643656e74726f74000d5761676e6572204d61747465697e720029636f6d2e656974732e6465736166696f2e646f6d61696e2e656e746974792e5065726d6973736f657300000000000000001200007872000e6a6176612e6c616e672e456e756d0000000000000000120000787074000d41444d494e4953545241444f52757200025b494dba602676eab2a502000078700000000a0000000b0000000a000000090000000800000007000000060000000500000004000000030000000274000561646d696e70	\N	2017-07-12	\N	Caixa	0	\N	\N	\N
2	3	1	\\xaced000573720026636f6d2e656974732e6465736166696f2e646f6d61696e2e656e746974792e5573756172696f000000000000000102000f5a0005617469766f4a000269644c000763656c756c61727400124c6a6176612f6c616e672f537472696e673b4c000c636f6e6669726d53656e686171007e00014c000363706671007e00014c000763726961646f727400284c636f6d2f656974732f6465736166696f2f646f6d61696e2f656e746974792f5573756172696f3b4c000d64617461416c7465726163616f7400154c6a6176612f74696d652f4c6f63616c446174653b4c000c64617461436164617374726f71007e00034c0005656d61696c71007e00014c0008656e64657265636f71007e00014c00046e6f6d6571007e00014c000a7065726d6973736f657374002b4c636f6d2f656974732f6465736166696f2f646f6d61696e2f656e746974792f5065726d6973736f65733b5b00077065736f4350467400025b494c000573656e686171007e00014c000f756c74696d6f416c74657261646f7271007e0002787001000000000000000074000b34353939393539383330387074000b30323534323332323035387070707400177761676e65722e6d617474656940676d61696c2e636f6d74000643656e74726f74000d5761676e6572204d61747465697e720029636f6d2e656974732e6465736166696f2e646f6d61696e2e656e746974792e5065726d6973736f657300000000000000001200007872000e6a6176612e6c616e672e456e756d0000000000000000120000787074000d41444d494e4953545241444f52757200025b494dba602676eab2a502000078700000000a0000000b0000000a00000009000000080000000700000006000000050000000400000003000000027070	2017-07-12	2017-07-12	\N	Caixa	0	\\xaced000573720026636f6d2e656974732e6465736166696f2e646f6d61696e2e656e746974792e5573756172696f000000000000000102000f5a0005617469766f4a000269644c000763656c756c61727400124c6a6176612f6c616e672f537472696e673b4c000c636f6e6669726d53656e686171007e00014c000363706671007e00014c000763726961646f727400284c636f6d2f656974732f6465736166696f2f646f6d61696e2f656e746974792f5573756172696f3b4c000d64617461416c7465726163616f7400154c6a6176612f74696d652f4c6f63616c446174653b4c000c64617461436164617374726f71007e00034c0005656d61696c71007e00014c0008656e64657265636f71007e00014c00046e6f6d6571007e00014c000a7065726d6973736f657374002b4c636f6d2f656974732f6465736166696f2f646f6d61696e2f656e746974792f5065726d6973736f65733b5b00077065736f4350467400025b494c000573656e686171007e00014c000f756c74696d6f416c74657261646f7271007e0002787001000000000000000074000b34353939393539383330387074000b30323534323332323035387070707400177761676e65722e6d617474656940676d61696c2e636f6d74000643656e74726f74000d5761676e6572204d61747465697e720029636f6d2e656974732e6465736166696f2e646f6d61696e2e656e746974792e5065726d6973736f657300000000000000001200007872000e6a6176612e6c616e672e456e756d0000000000000000120000787074000d41444d494e4953545241444f52757200025b494dba602676eab2a502000078700000000a0000000b0000000a000000090000000800000007000000060000000500000004000000030000000274000561646d696e70	\N	\N
2	4	1	\\xaced000573720026636f6d2e656974732e6465736166696f2e646f6d61696e2e656e746974792e5573756172696f000000000000000102000f5a0005617469766f4a000269644c000763656c756c61727400124c6a6176612f6c616e672f537472696e673b4c000c636f6e6669726d53656e686171007e00014c000363706671007e00014c000763726961646f727400284c636f6d2f656974732f6465736166696f2f646f6d61696e2f656e746974792f5573756172696f3b4c000d64617461416c7465726163616f7400154c6a6176612f74696d652f4c6f63616c446174653b4c000c64617461436164617374726f71007e00034c0005656d61696c71007e00014c0008656e64657265636f71007e00014c00046e6f6d6571007e00014c000a7065726d6973736f657374002b4c636f6d2f656974732f6465736166696f2f646f6d61696e2f656e746974792f5065726d6973736f65733b5b00077065736f4350467400025b494c000573656e686171007e00014c000f756c74696d6f416c74657261646f7271007e0002787001000000000000000074000b34353939393539383330387074000b30323534323332323035387070707400177761676e65722e6d617474656940676d61696c2e636f6d74000643656e74726f74000d5761676e6572204d61747465697e720029636f6d2e656974732e6465736166696f2e646f6d61696e2e656e746974792e5065726d6973736f657300000000000000001200007872000e6a6176612e6c616e672e456e756d0000000000000000120000787074000d41444d494e4953545241444f52757200025b494dba602676eab2a502000078700000000a0000000b0000000a00000009000000080000000700000006000000050000000400000003000000027070	2017-07-12	2017-07-12	\N	Caixa Nova	0	\\xaced000573720026636f6d2e656974732e6465736166696f2e646f6d61696e2e656e746974792e5573756172696f000000000000000102000f5a0005617469766f4a000269644c000763656c756c61727400124c6a6176612f6c616e672f537472696e673b4c000c636f6e6669726d53656e686171007e00014c000363706671007e00014c000763726961646f727400284c636f6d2f656974732f6465736166696f2f646f6d61696e2f656e746974792f5573756172696f3b4c000d64617461416c7465726163616f7400154c6a6176612f74696d652f4c6f63616c446174653b4c000c64617461436164617374726f71007e00034c0005656d61696c71007e00014c0008656e64657265636f71007e00014c00046e6f6d6571007e00014c000a7065726d6973736f657374002b4c636f6d2f656974732f6465736166696f2f646f6d61696e2f656e746974792f5065726d6973736f65733b5b00077065736f4350467400025b494c000573656e686171007e00014c000f756c74696d6f416c74657261646f7271007e0002787001000000000000000074000b34353939393539383330387074000b30323534323332323035387070707400177761676e65722e6d617474656940676d61696c2e636f6d74000643656e74726f74000d5761676e6572204d61747465697e720029636f6d2e656974732e6465736166696f2e646f6d61696e2e656e746974792e5065726d6973736f657300000000000000001200007872000e6a6176612e6c616e672e456e756d0000000000000000120000787074000d41444d494e4953545241444f52757200025b494dba602676eab2a502000078700000000a0000000b0000000a000000090000000800000007000000060000000500000004000000030000000274000561646d696e70	\N	\N
1	5	2	\N	\N	\N	\N	\N	\N	\N	\N	\N
3	6	0	\\xaced000573720026636f6d2e656974732e6465736166696f2e646f6d61696e2e656e746974792e5573756172696f000000000000000102000f5a0005617469766f4a000269644c000763656c756c61727400124c6a6176612f6c616e672f537472696e673b4c000c636f6e6669726d53656e686171007e00014c000363706671007e00014c000763726961646f727400284c636f6d2f656974732f6465736166696f2f646f6d61696e2f656e746974792f5573756172696f3b4c000d64617461416c7465726163616f7400154c6a6176612f74696d652f4c6f63616c446174653b4c000c64617461436164617374726f71007e00034c0005656d61696c71007e00014c0008656e64657265636f71007e00014c00046e6f6d6571007e00014c000a7065726d6973736f657374002b4c636f6d2f656974732f6465736166696f2f646f6d61696e2f656e746974792f5065726d6973736f65733b5b00077065736f4350467400025b494c000573656e686171007e00014c000f756c74696d6f416c74657261646f7271007e0002787001000000000000000074000b34353939393539383330387074000b30323534323332323035387070707400177761676e65722e6d617474656940676d61696c2e636f6d74000643656e74726f74000d5761676e6572204d61747465697e720029636f6d2e656974732e6465736166696f2e646f6d61696e2e656e746974792e5065726d6973736f657300000000000000001200007872000e6a6176612e6c616e672e456e756d0000000000000000120000787074000d41444d494e4953545241444f52757200025b494dba602676eab2a502000078700000000a0000000b0000000a000000090000000800000007000000060000000500000004000000030000000274000561646d696e70	\N	2017-07-12	\N	Carteira do Andre	0	\N	\N	\N
3	12	1	\\xaced000573720026636f6d2e656974732e6465736166696f2e646f6d61696e2e656e746974792e5573756172696f000000000000000102000f5a0005617469766f4a000269644c000763656c756c61727400124c6a6176612f6c616e672f537472696e673b4c000c636f6e6669726d53656e686171007e00014c000363706671007e00014c000763726961646f727400284c636f6d2f656974732f6465736166696f2f646f6d61696e2f656e746974792f5573756172696f3b4c000d64617461416c7465726163616f7400154c6a6176612f74696d652f4c6f63616c446174653b4c000c64617461436164617374726f71007e00034c0005656d61696c71007e00014c0008656e64657265636f71007e00014c00046e6f6d6571007e00014c000a7065726d6973736f657374002b4c636f6d2f656974732f6465736166696f2f646f6d61696e2f656e746974792f5065726d6973736f65733b5b00077065736f4350467400025b494c000573656e686171007e00014c000f756c74696d6f416c74657261646f7271007e0002787001000000000000000074000b34353939393539383330387074000b30323534323332323035387070707400177761676e65722e6d617474656940676d61696c2e636f6d74000643656e74726f74000d5761676e6572204d61747465697e720029636f6d2e656974732e6465736166696f2e646f6d61696e2e656e746974792e5065726d6973736f657300000000000000001200007872000e6a6176612e6c616e672e456e756d0000000000000000120000787074000d41444d494e4953545241444f52757200025b494dba602676eab2a502000078700000000a0000000b0000000a00000009000000080000000700000006000000050000000400000003000000027070	2017-07-12	2017-07-12	asdasd	Carteira do Andre	0	\\xaced000573720026636f6d2e656974732e6465736166696f2e646f6d61696e2e656e746974792e5573756172696f000000000000000102000f5a0005617469766f4a000269644c000763656c756c61727400124c6a6176612f6c616e672f537472696e673b4c000c636f6e6669726d53656e686171007e00014c000363706671007e00014c000763726961646f727400284c636f6d2f656974732f6465736166696f2f646f6d61696e2f656e746974792f5573756172696f3b4c000d64617461416c7465726163616f7400154c6a6176612f74696d652f4c6f63616c446174653b4c000c64617461436164617374726f71007e00034c0005656d61696c71007e00014c0008656e64657265636f71007e00014c00046e6f6d6571007e00014c000a7065726d6973736f657374002b4c636f6d2f656974732f6465736166696f2f646f6d61696e2f656e746974792f5065726d6973736f65733b5b00077065736f4350467400025b494c000573656e686171007e00014c000f756c74696d6f416c74657261646f7271007e0002787001000000000000000174000b34353939393539383330387074000b3032353432333232303538707372000d6a6176612e74696d652e536572955d84ba1b2248b20c00007870770703000007e1070c78707400177761676e65722e6d617474656940676d61696c2e636f6d74001743656e74726f206465204e6f7661205a656c616e64696174000d5761676e6572204d61747465697e720029636f6d2e656974732e6465736166696f2e646f6d61696e2e656e746974792e5065726d6973736f657300000000000000001200007872000e6a6176612e6c616e672e456e756d0000000000000000120000787074000d41444d494e4953545241444f52757200025b494dba602676eab2a502000078700000000a0000000b0000000a000000090000000800000007000000060000000500000004000000030000000274000561646d696e7371007e000001000000000000000174000b34353939393539383330387074000b3032353432333232303538707371007e0009770703000007e1070c78707400177761676e65722e6d617474656940676d61696c2e636f6d74000643656e74726f74000d5761676e6572204d617474656971007e00107571007e00120000000a0000000b0000000a000000090000000800000007000000060000000500000004000000030000000274000561646d696e70	\N	\N
2	16	1	\\xaced000573720026636f6d2e656974732e6465736166696f2e646f6d61696e2e656e746974792e5573756172696f000000000000000102000f5a0005617469766f4a000269644c000763656c756c61727400124c6a6176612f6c616e672f537472696e673b4c000c636f6e6669726d53656e686171007e00014c000363706671007e00014c000763726961646f727400284c636f6d2f656974732f6465736166696f2f646f6d61696e2f656e746974792f5573756172696f3b4c000d64617461416c7465726163616f7400154c6a6176612f74696d652f4c6f63616c446174653b4c000c64617461436164617374726f71007e00034c0005656d61696c71007e00014c0008656e64657265636f71007e00014c00046e6f6d6571007e00014c000a7065726d6973736f657374002b4c636f6d2f656974732f6465736166696f2f646f6d61696e2f656e746974792f5065726d6973736f65733b5b00077065736f4350467400025b494c000573656e686171007e00014c000f756c74696d6f416c74657261646f7271007e0002787001000000000000000074000b34353939393539383330387074000b30323534323332323035387070707400177761676e65722e6d617474656940676d61696c2e636f6d74000643656e74726f74000d5761676e6572204d61747465697e720029636f6d2e656974732e6465736166696f2e646f6d61696e2e656e746974792e5065726d6973736f657300000000000000001200007872000e6a6176612e6c616e672e456e756d0000000000000000120000787074000d41444d494e4953545241444f52757200025b494dba602676eab2a502000078700000000a0000000b0000000a00000009000000080000000700000006000000050000000400000003000000027070	2017-07-12	2017-07-12	\N	Caixa Nova	1	\\xaced000573720026636f6d2e656974732e6465736166696f2e646f6d61696e2e656e746974792e5573756172696f000000000000000102000f5a0005617469766f4a000269644c000763656c756c61727400124c6a6176612f6c616e672f537472696e673b4c000c636f6e6669726d53656e686171007e00014c000363706671007e00014c000763726961646f727400284c636f6d2f656974732f6465736166696f2f646f6d61696e2f656e746974792f5573756172696f3b4c000d64617461416c7465726163616f7400154c6a6176612f74696d652f4c6f63616c446174653b4c000c64617461436164617374726f71007e00034c0005656d61696c71007e00014c0008656e64657265636f71007e00014c00046e6f6d6571007e00014c000a7065726d6973736f657374002b4c636f6d2f656974732f6465736166696f2f646f6d61696e2f656e746974792f5065726d6973736f65733b5b00077065736f4350467400025b494c000573656e686171007e00014c000f756c74696d6f416c74657261646f7271007e0002787001000000000000000074000b34353939393539383330387074000b30323534323332323035387070707400177761676e65722e6d617474656940676d61696c2e636f6d74000643656e74726f74000d5761676e6572204d61747465697e720029636f6d2e656974732e6465736166696f2e646f6d61696e2e656e746974792e5065726d6973736f657300000000000000001200007872000e6a6176612e6c616e672e456e756d0000000000000000120000787074000d41444d494e4953545241444f52757200025b494dba602676eab2a502000078700000000a0000000b0000000a000000090000000800000007000000060000000500000004000000030000000274000561646d696e70	\N	\N
3	16	1	\\xaced000573720026636f6d2e656974732e6465736166696f2e646f6d61696e2e656e746974792e5573756172696f000000000000000102000f5a0005617469766f4a000269644c000763656c756c61727400124c6a6176612f6c616e672f537472696e673b4c000c636f6e6669726d53656e686171007e00014c000363706671007e00014c000763726961646f727400284c636f6d2f656974732f6465736166696f2f646f6d61696e2f656e746974792f5573756172696f3b4c000d64617461416c7465726163616f7400154c6a6176612f74696d652f4c6f63616c446174653b4c000c64617461436164617374726f71007e00034c0005656d61696c71007e00014c0008656e64657265636f71007e00014c00046e6f6d6571007e00014c000a7065726d6973736f657374002b4c636f6d2f656974732f6465736166696f2f646f6d61696e2f656e746974792f5065726d6973736f65733b5b00077065736f4350467400025b494c000573656e686171007e00014c000f756c74696d6f416c74657261646f7271007e0002787001000000000000000074000b34353939393539383330387074000b30323534323332323035387070707400177761676e65722e6d617474656940676d61696c2e636f6d74000643656e74726f74000d5761676e6572204d61747465697e720029636f6d2e656974732e6465736166696f2e646f6d61696e2e656e746974792e5065726d6973736f657300000000000000001200007872000e6a6176612e6c616e672e456e756d0000000000000000120000787074000d41444d494e4953545241444f52757200025b494dba602676eab2a502000078700000000a0000000b0000000a00000009000000080000000700000006000000050000000400000003000000027070	2017-07-12	2017-07-12	asdasd	Carteira do Andre	-1	\\xaced000573720026636f6d2e656974732e6465736166696f2e646f6d61696e2e656e746974792e5573756172696f000000000000000102000f5a0005617469766f4a000269644c000763656c756c61727400124c6a6176612f6c616e672f537472696e673b4c000c636f6e6669726d53656e686171007e00014c000363706671007e00014c000763726961646f727400284c636f6d2f656974732f6465736166696f2f646f6d61696e2f656e746974792f5573756172696f3b4c000d64617461416c7465726163616f7400154c6a6176612f74696d652f4c6f63616c446174653b4c000c64617461436164617374726f71007e00034c0005656d61696c71007e00014c0008656e64657265636f71007e00014c00046e6f6d6571007e00014c000a7065726d6973736f657374002b4c636f6d2f656974732f6465736166696f2f646f6d61696e2f656e746974792f5065726d6973736f65733b5b00077065736f4350467400025b494c000573656e686171007e00014c000f756c74696d6f416c74657261646f7271007e0002787001000000000000000174000b34353939393539383330387074000b3032353432333232303538707372000d6a6176612e74696d652e536572955d84ba1b2248b20c00007870770703000007e1070c78707400177761676e65722e6d617474656940676d61696c2e636f6d74001743656e74726f206465204e6f7661205a656c616e64696174000d5761676e6572204d61747465697e720029636f6d2e656974732e6465736166696f2e646f6d61696e2e656e746974792e5065726d6973736f657300000000000000001200007872000e6a6176612e6c616e672e456e756d0000000000000000120000787074000d41444d494e4953545241444f52757200025b494dba602676eab2a502000078700000000a0000000b0000000a000000090000000800000007000000060000000500000004000000030000000274000561646d696e7371007e000001000000000000000174000b34353939393539383330387074000b3032353432333232303538707371007e0009770703000007e1070c78707400177761676e65722e6d617474656940676d61696c2e636f6d74000643656e74726f74000d5761676e6572204d617474656971007e00107571007e00120000000a0000000b0000000a000000090000000800000007000000060000000500000004000000030000000274000561646d696e70	\N	\N
3	22	1	\\xaced000573720026636f6d2e656974732e6465736166696f2e646f6d61696e2e656e746974792e5573756172696f000000000000000102000f5a0005617469766f4a000269644c000763656c756c61727400124c6a6176612f6c616e672f537472696e673b4c000c636f6e6669726d53656e686171007e00014c000363706671007e00014c000763726961646f727400284c636f6d2f656974732f6465736166696f2f646f6d61696e2f656e746974792f5573756172696f3b4c000d64617461416c7465726163616f7400154c6a6176612f74696d652f4c6f63616c446174653b4c000c64617461436164617374726f71007e00034c0005656d61696c71007e00014c0008656e64657265636f71007e00014c00046e6f6d6571007e00014c000a7065726d6973736f657374002b4c636f6d2f656974732f6465736166696f2f646f6d61696e2f656e746974792f5065726d6973736f65733b5b00077065736f4350467400025b494c000573656e686171007e00014c000f756c74696d6f416c74657261646f7271007e0002787001000000000000000074000b34353939393539383330387074000b30323534323332323035387070707400177761676e65722e6d617474656940676d61696c2e636f6d74000643656e74726f74000d5761676e6572204d61747465697e720029636f6d2e656974732e6465736166696f2e646f6d61696e2e656e746974792e5065726d6973736f657300000000000000001200007872000e6a6176612e6c616e672e456e756d0000000000000000120000787074000d41444d494e4953545241444f52757200025b494dba602676eab2a502000078700000000a0000000b0000000a00000009000000080000000700000006000000050000000400000003000000027070	2017-07-12	2017-07-12	asdasd	Carteira do Andre	5000	\\xaced000573720026636f6d2e656974732e6465736166696f2e646f6d61696e2e656e746974792e5573756172696f000000000000000102000f5a0005617469766f4a000269644c000763656c756c61727400124c6a6176612f6c616e672f537472696e673b4c000c636f6e6669726d53656e686171007e00014c000363706671007e00014c000763726961646f727400284c636f6d2f656974732f6465736166696f2f646f6d61696e2f656e746974792f5573756172696f3b4c000d64617461416c7465726163616f7400154c6a6176612f74696d652f4c6f63616c446174653b4c000c64617461436164617374726f71007e00034c0005656d61696c71007e00014c0008656e64657265636f71007e00014c00046e6f6d6571007e00014c000a7065726d6973736f657374002b4c636f6d2f656974732f6465736166696f2f646f6d61696e2f656e746974792f5065726d6973736f65733b5b00077065736f4350467400025b494c000573656e686171007e00014c000f756c74696d6f416c74657261646f7271007e0002787001000000000000000a74000835343634383739367074000b34313234353731313335307371007e000001000000000000000174000b34353939393539383330387074000b3032353432333232303538707372000d6a6176612e74696d652e536572955d84ba1b2248b20c00007870770703000007e1070c78707400177761676e65722e6d617474656940676d61696c2e636f6d74001743656e74726f206465204e6f7661205a656c616e64696174000d5761676e6572204d61747465697e720029636f6d2e656974732e6465736166696f2e646f6d61696e2e656e746974792e5065726d6973736f657300000000000000001200007872000e6a6176612e6c616e672e456e756d0000000000000000120000787074000d41444d494e4953545241444f52757200025b494dba602676eab2a502000078700000000a0000000b0000000a000000090000000800000007000000060000000500000004000000030000000274003c24326124313024672e7754345230576e66656c316a632f6b38344f5875775a453032426c4143534c6657793654796347507676454b76496d383653477371007e000001000000000000000174000b34353939393539383330387074000b3032353432333232303538707371007e000c770703000007e1070c78707400177761676e65722e6d617474656940676d61696c2e636f6d74000643656e74726f74000d5761676e6572204d617474656971007e00137571007e00150000000a0000000b0000000a000000090000000800000007000000060000000500000004000000030000000274000561646d696e70707371007e000c770703000007e1070c787400197761676e65722e6d617474656940656974732e636f6d2e62727400096173646173646173647400125761676e657220436f6c61626f7261646f727e71007e001174000b434f4c41424f5241444f527571007e00150000000a0000000b0000000a000000090000000800000007000000060000000500000004000000030000000274003c243261243130246d764734637346546964576b72684b51562f3065612e714a625170372f4f366b784b5a586b646e514635703476774d42575562346570	\N	\N
4	35	0	\\xaced000573720026636f6d2e656974732e6465736166696f2e646f6d61696e2e656e746974792e5573756172696f000000000000000102000f5a0005617469766f4a000269644c000763656c756c61727400124c6a6176612f6c616e672f537472696e673b4c000c636f6e6669726d53656e686171007e00014c000363706671007e00014c000763726961646f727400284c636f6d2f656974732f6465736166696f2f646f6d61696e2f656e746974792f5573756172696f3b4c000d64617461416c7465726163616f7400154c6a6176612f74696d652f4c6f63616c446174653b4c000c64617461436164617374726f71007e00034c0005656d61696c71007e00014c0008656e64657265636f71007e00014c00046e6f6d6571007e00014c000a7065726d6973736f657374002b4c636f6d2f656974732f6465736166696f2f646f6d61696e2f656e746974792f5065726d6973736f65733b5b00077065736f4350467400025b494c000573656e686171007e00014c000f756c74696d6f416c74657261646f7271007e0002787001000000000000000174000b34353939393539383330387074000b3032353432333232303538707372000d6a6176612e74696d652e536572955d84ba1b2248b20c00007870770703000007e1070c78707400177761676e65722e6d617474656940676d61696c2e636f6d74001743656e74726f206465204e6f7661205a656c616e64696174000d5761676e6572204d61747465697e720029636f6d2e656974732e6465736166696f2e646f6d61696e2e656e746974792e5065726d6973736f657300000000000000001200007872000e6a6176612e6c616e672e456e756d0000000000000000120000787074000d41444d494e4953545241444f52757200025b494dba602676eab2a502000078700000000a0000000b0000000a000000090000000800000007000000060000000500000004000000030000000274003c24326124313024672e7754345230576e66656c316a632f6b38344f5875775a453032426c4143534c6657793654796347507676454b76496d3836534770	\N	2017-07-12	\N	Caixa	0	\N	\N	\N
4	36	1	\\xaced000573720026636f6d2e656974732e6465736166696f2e646f6d61696e2e656e746974792e5573756172696f000000000000000102000f5a0005617469766f4a000269644c000763656c756c61727400124c6a6176612f6c616e672f537472696e673b4c000c636f6e6669726d53656e686171007e00014c000363706671007e00014c000763726961646f727400284c636f6d2f656974732f6465736166696f2f646f6d61696e2f656e746974792f5573756172696f3b4c000d64617461416c7465726163616f7400154c6a6176612f74696d652f4c6f63616c446174653b4c000c64617461436164617374726f71007e00034c0005656d61696c71007e00014c0008656e64657265636f71007e00014c00046e6f6d6571007e00014c000a7065726d6973736f657374002b4c636f6d2f656974732f6465736166696f2f646f6d61696e2f656e746974792f5065726d6973736f65733b5b00077065736f4350467400025b494c000573656e686171007e00014c000f756c74696d6f416c74657261646f7271007e0002787001000000000000000174000b34353939393539383330387074000b30323534323332323035387070707400177761676e65722e6d617474656940676d61696c2e636f6d74001743656e74726f206465204e6f7661205a656c616e64696174000d5761676e6572204d61747465697e720029636f6d2e656974732e6465736166696f2e646f6d61696e2e656e746974792e5065726d6973736f657300000000000000001200007872000e6a6176612e6c616e672e456e756d0000000000000000120000787074000d41444d494e4953545241444f52757200025b494dba602676eab2a502000078700000000a0000000b0000000a00000009000000080000000700000006000000050000000400000003000000027070	2017-07-12	2017-07-12	dsadasd	Caixa	0	\\xaced000573720026636f6d2e656974732e6465736166696f2e646f6d61696e2e656e746974792e5573756172696f000000000000000102000f5a0005617469766f4a000269644c000763656c756c61727400124c6a6176612f6c616e672f537472696e673b4c000c636f6e6669726d53656e686171007e00014c000363706671007e00014c000763726961646f727400284c636f6d2f656974732f6465736166696f2f646f6d61696e2f656e746974792f5573756172696f3b4c000d64617461416c7465726163616f7400154c6a6176612f74696d652f4c6f63616c446174653b4c000c64617461436164617374726f71007e00034c0005656d61696c71007e00014c0008656e64657265636f71007e00014c00046e6f6d6571007e00014c000a7065726d6973736f657374002b4c636f6d2f656974732f6465736166696f2f646f6d61696e2f656e746974792f5065726d6973736f65733b5b00077065736f4350467400025b494c000573656e686171007e00014c000f756c74696d6f416c74657261646f7271007e0002787001000000000000000174000b34353939393539383330387074000b3032353432333232303538707372000d6a6176612e74696d652e536572955d84ba1b2248b20c00007870770703000007e1070c78707400177761676e65722e6d617474656940676d61696c2e636f6d74001743656e74726f206465204e6f7661205a656c616e64696174000d5761676e6572204d61747465697e720029636f6d2e656974732e6465736166696f2e646f6d61696e2e656e746974792e5065726d6973736f657300000000000000001200007872000e6a6176612e6c616e672e456e756d0000000000000000120000787074000d41444d494e4953545241444f52757200025b494dba602676eab2a502000078700000000a0000000b0000000a000000090000000800000007000000060000000500000004000000030000000274003c24326124313024672e7754345230576e66656c316a632f6b38344f5875775a453032426c4143534c6657793654796347507676454b76496d3836534770	\N	\N
3	39	1	\\xaced000573720026636f6d2e656974732e6465736166696f2e646f6d61696e2e656e746974792e5573756172696f000000000000000102000f5a0005617469766f4a000269644c000763656c756c61727400124c6a6176612f6c616e672f537472696e673b4c000c636f6e6669726d53656e686171007e00014c000363706671007e00014c000763726961646f727400284c636f6d2f656974732f6465736166696f2f646f6d61696e2f656e746974792f5573756172696f3b4c000d64617461416c7465726163616f7400154c6a6176612f74696d652f4c6f63616c446174653b4c000c64617461436164617374726f71007e00034c0005656d61696c71007e00014c0008656e64657265636f71007e00014c00046e6f6d6571007e00014c000a7065726d6973736f657374002b4c636f6d2f656974732f6465736166696f2f646f6d61696e2f656e746974792f5065726d6973736f65733b5b00077065736f4350467400025b494c000573656e686171007e00014c000f756c74696d6f416c74657261646f7271007e0002787001000000000000000074000b34353939393539383330387074000b30323534323332323035387070707400177761676e65722e6d617474656940676d61696c2e636f6d74000643656e74726f74000d5761676e6572204d61747465697e720029636f6d2e656974732e6465736166696f2e646f6d61696e2e656e746974792e5065726d6973736f657300000000000000001200007872000e6a6176612e6c616e672e456e756d0000000000000000120000787074000d41444d494e4953545241444f52757200025b494dba602676eab2a502000078700000000a0000000b0000000a00000009000000080000000700000006000000050000000400000003000000027070	2017-07-12	2017-07-12	asdasd	Carteira do Andre	5005	\\xaced000573720026636f6d2e656974732e6465736166696f2e646f6d61696e2e656e746974792e5573756172696f000000000000000102000f5a0005617469766f4a000269644c000763656c756c61727400124c6a6176612f6c616e672f537472696e673b4c000c636f6e6669726d53656e686171007e00014c000363706671007e00014c000763726961646f727400284c636f6d2f656974732f6465736166696f2f646f6d61696e2f656e746974792f5573756172696f3b4c000d64617461416c7465726163616f7400154c6a6176612f74696d652f4c6f63616c446174653b4c000c64617461436164617374726f71007e00034c0005656d61696c71007e00014c0008656e64657265636f71007e00014c00046e6f6d6571007e00014c000a7065726d6973736f657374002b4c636f6d2f656974732f6465736166696f2f646f6d61696e2f656e746974792f5065726d6973736f65733b5b00077065736f4350467400025b494c000573656e686171007e00014c000f756c74696d6f416c74657261646f7271007e0002787001000000000000000a74000835343634383739367074000b34313234353731313335307371007e000001000000000000000174000b34353939393539383330387074000b3032353432333232303538707372000d6a6176612e74696d652e536572955d84ba1b2248b20c00007870770703000007e1070c78707400177761676e65722e6d617474656940676d61696c2e636f6d74001743656e74726f206465204e6f7661205a656c616e64696174000d5761676e6572204d61747465697e720029636f6d2e656974732e6465736166696f2e646f6d61696e2e656e746974792e5065726d6973736f657300000000000000001200007872000e6a6176612e6c616e672e456e756d0000000000000000120000787074000d41444d494e4953545241444f52757200025b494dba602676eab2a502000078700000000a0000000b0000000a000000090000000800000007000000060000000500000004000000030000000274003c24326124313024672e7754345230576e66656c316a632f6b38344f5875775a453032426c4143534c6657793654796347507676454b76496d383653477371007e000001000000000000000174000b34353939393539383330387074000b3032353432333232303538707371007e000c770703000007e1070c78707400177761676e65722e6d617474656940676d61696c2e636f6d74000643656e74726f74000d5761676e6572204d617474656971007e00137571007e00150000000a0000000b0000000a000000090000000800000007000000060000000500000004000000030000000274000561646d696e70707371007e000c770703000007e1070c787400197761676e65722e6d617474656940656974732e636f6d2e62727400096173646173646173647400125761676e657220436f6c61626f7261646f727e71007e001174000b434f4c41424f5241444f527571007e00150000000a0000000b0000000a000000090000000800000007000000060000000500000004000000030000000274003c243261243130246d764734637346546964576b72684b51562f3065612e714a625170372f4f366b784b5a586b646e514635703476774d42575562346570	\N	\N
4	39	1	\\xaced000573720026636f6d2e656974732e6465736166696f2e646f6d61696e2e656e746974792e5573756172696f000000000000000102000f5a0005617469766f4a000269644c000763656c756c61727400124c6a6176612f6c616e672f537472696e673b4c000c636f6e6669726d53656e686171007e00014c000363706671007e00014c000763726961646f727400284c636f6d2f656974732f6465736166696f2f646f6d61696e2f656e746974792f5573756172696f3b4c000d64617461416c7465726163616f7400154c6a6176612f74696d652f4c6f63616c446174653b4c000c64617461436164617374726f71007e00034c0005656d61696c71007e00014c0008656e64657265636f71007e00014c00046e6f6d6571007e00014c000a7065726d6973736f657374002b4c636f6d2f656974732f6465736166696f2f646f6d61696e2f656e746974792f5065726d6973736f65733b5b00077065736f4350467400025b494c000573656e686171007e00014c000f756c74696d6f416c74657261646f7271007e0002787001000000000000000174000b34353939393539383330387074000b30323534323332323035387070707400177761676e65722e6d617474656940676d61696c2e636f6d74001743656e74726f206465204e6f7661205a656c616e64696174000d5761676e6572204d61747465697e720029636f6d2e656974732e6465736166696f2e646f6d61696e2e656e746974792e5065726d6973736f657300000000000000001200007872000e6a6176612e6c616e672e456e756d0000000000000000120000787074000d41444d494e4953545241444f52757200025b494dba602676eab2a502000078700000000a0000000b0000000a00000009000000080000000700000006000000050000000400000003000000027070	2017-07-12	2017-07-12	dsadasd	Caixa	-5	\\xaced000573720026636f6d2e656974732e6465736166696f2e646f6d61696e2e656e746974792e5573756172696f000000000000000102000f5a0005617469766f4a000269644c000763656c756c61727400124c6a6176612f6c616e672f537472696e673b4c000c636f6e6669726d53656e686171007e00014c000363706671007e00014c000763726961646f727400284c636f6d2f656974732f6465736166696f2f646f6d61696e2f656e746974792f5573756172696f3b4c000d64617461416c7465726163616f7400154c6a6176612f74696d652f4c6f63616c446174653b4c000c64617461436164617374726f71007e00034c0005656d61696c71007e00014c0008656e64657265636f71007e00014c00046e6f6d6571007e00014c000a7065726d6973736f657374002b4c636f6d2f656974732f6465736166696f2f646f6d61696e2f656e746974792f5065726d6973736f65733b5b00077065736f4350467400025b494c000573656e686171007e00014c000f756c74696d6f416c74657261646f7271007e0002787001000000000000000174000b34353939393539383330387074000b3032353432333232303538707372000d6a6176612e74696d652e536572955d84ba1b2248b20c00007870770703000007e1070c78707400177761676e65722e6d617474656940676d61696c2e636f6d74001743656e74726f206465204e6f7661205a656c616e64696174000d5761676e6572204d61747465697e720029636f6d2e656974732e6465736166696f2e646f6d61696e2e656e746974792e5065726d6973736f657300000000000000001200007872000e6a6176612e6c616e672e456e756d0000000000000000120000787074000d41444d494e4953545241444f52757200025b494dba602676eab2a502000078700000000a0000000b0000000a000000090000000800000007000000060000000500000004000000030000000274003c24326124313024672e7754345230576e66656c316a632f6b38344f5875775a453032426c4143534c6657793654796347507676454b76496d3836534770	\N	\N
2	43	1	\N	2017-07-12	2017-07-12	\N	Caixa Nova	155	\N	\N	1
2	52	1	\N	2017-07-12	2017-07-12	\N	Caixa Nova	160	\N	\N	1
4	52	1	\N	2017-07-12	2017-07-12	dsadasd	Caixa	-10	\N	\N	\N
4	55	1	\N	2017-07-12	2017-07-12	dsadasd	Caixa	-4	\N	\N	\N
2	55	1	\N	2017-07-12	2017-07-12	\N	Caixa Nova	154	\N	\N	1
2	58	1	\N	2017-07-12	2017-07-12	\N	Caixa Nova	159	\N	\N	1
4	58	1	\N	2017-07-12	2017-07-12	dsadasd	Caixa	-9	\N	\N	\N
2	60	1	\N	2017-07-12	2017-07-12	\N	Caixa Nova	258	\N	\N	1
4	60	1	\N	2017-07-12	2017-07-12	dsadasd	Caixa	-108	\N	\N	\N
5	62	0	\N	\N	2017-07-12	\N	Teste	0	\N	1	\N
5	63	1	\N	2017-07-12	2017-07-12	das	Teste	0	\N	1	1
5	64	2	\N	\N	\N	\N	\N	\N	\N	\N	\N
6	66	0	\N	\N	2017-07-12	\N	testwe	0	\N	1	\N
6	67	2	\N	\N	\N	\N	\N	\N	\N	\N	\N
2	70	1	\N	2017-07-12	2017-07-12	\N	Caixa Nova	263	\N	\N	1
4	70	1	\N	2017-07-12	2017-07-12	dsadasd	Caixa	-113	\N	\N	\N
2	73	1	\N	2017-07-12	2017-07-12	\N	Caixa Nova	286	\N	\N	1
4	73	1	\N	2017-07-12	2017-07-12	dsadasd	Caixa	-136	\N	\N	\N
3	76	1	\N	2017-07-12	2017-07-12	asdasd	Carteira do Andre	5071	\N	\N	\N
4	76	1	\N	2017-07-12	2017-07-12	dsadasd	Caixa	-202	\N	\N	\N
3	79	1	\N	2017-07-12	2017-07-12	asdasd	Carteira do Andre	5124	\N	\N	\N
2	79	1	\N	2017-07-12	2017-07-12	\N	Caixa Nova	233	\N	\N	1
2	93	1	\N	2017-07-12	2017-07-12	\N	Caixa Nova	238	\N	\N	\N
4	93	1	\N	2017-07-12	2017-07-12	dsadasd	Caixa	-207	\N	\N	\N
3	126	2	\N	\N	\N	\N	\N	\N	\N	\N	\N
7	127	0	\N	\N	2017-07-14	\N	Cartão de Crédito Black	0	\N	18	\N
8	128	0	\N	\N	2017-07-14	\N	Carteira do Andre	0	\N	18	\N
9	129	0	\N	\N	2017-07-14	\N	Conta Nova	0	\N	18	\N
10	130	0	\N	\N	2017-07-14	\N	teste1	0	\N	18	\N
10	131	2	\N	\N	\N	\N	\N	\N	\N	\N	\N
2	141	1	\N	2017-07-12	2017-07-12	\N	Caixa Nova	247	\N	\N	\N
4	141	1	\N	2017-07-12	2017-07-12	dsadasd	Caixa	-216	\N	\N	\N
7	142	1	\N	\N	2017-07-14	\N	Cartão de Crédito Black	9	\N	18	\N
2	142	1	\N	2017-07-12	2017-07-12	\N	Caixa Nova	238	\N	\N	\N
4	145	1	\N	2017-07-12	2017-07-12	dsadasd	Caixa	-207	\N	\N	\N
2	145	1	\N	2017-07-12	2017-07-12	\N	Caixa Nova	229	\N	\N	\N
\.


--
-- TOC entry 2254 (class 0 OID 0)
-- Dependencies: 185
-- Name: conta_numero_seq; Type: SEQUENCE SET; Schema: public; Owner: postgres
--

SELECT pg_catalog.setval('conta_numero_seq', 10, true);


--
-- TOC entry 2255 (class 0 OID 0)
-- Dependencies: 195
-- Name: hibernate_sequence; Type: SEQUENCE SET; Schema: public; Owner: postgres
--

SELECT pg_catalog.setval('hibernate_sequence', 152, true);


--
-- TOC entry 2238 (class 0 OID 33835)
-- Dependencies: 184
-- Data for Name: schema_version; Type: TABLE DATA; Schema: public; Owner: postgres
--

COPY schema_version (installed_rank, version, description, type, script, checksum, installed_by, installed_on, execution_time, success) FROM stdin;
1	0	<< Flyway Schema Creation >>	SCHEMA	"public"	\N	postgres	2017-07-12 10:09:07.146799	0	t
\.


--
-- TOC entry 2244 (class 0 OID 34146)
-- Dependencies: 190
-- Data for Name: transacao; Type: TABLE DATA; Schema: public; Owner: postgres
--

COPY transacao (id, data_alteracao, data_cadastro, data_efetivacao, data_vencimento, descricao, efetivado, filepath, valor, conta_destino, conta_origem, criador_id, efetivador_id, ultimo_alterador, ultimo_alterador_id) FROM stdin;
15	2017-07-14	2017-07-14	\N	2017-07-14 18:00:00	\N	t	foto.jpg	9	4	2	18	18	\N	24
12	\N	2017-07-13	2017-07-13	2017-07-10 03:00:00	\N	t	\N	5	2	4	19	19	\N	\N
17	\N	2017-07-14	\N	2017-07-22 03:00:00	\N	f	\N	9	2	4	18	\N	\N	\N
16	\N	2017-07-14	2017-07-14	2017-07-10 03:00:00	\N	t	\N	9	2	4	18	18	\N	\N
14	2017-07-14	2017-07-14	\N	2017-07-11 06:00:00	dasdaasd	t	FATURA TV (1) (1).pdf	9	7	2	18	18	\N	18
18	\N	2017-07-14	\N	2017-07-21 03:00:00	\N	f	\N	5	7	4	24	\N	\N	\N
\.


--
-- TOC entry 2245 (class 0 OID 34155)
-- Dependencies: 191
-- Data for Name: transacao_aud; Type: TABLE DATA; Schema: public; Owner: postgres
--

COPY transacao_aud (id, rev, revtype, data_alteracao, data_cadastro, data_efetivacao, data_vencimento, descricao, efetivado, filepath, valor, conta_destino, conta_origem, criador_id, efetivador_id, ultimo_alterador, criador, efetivador, ultimoalterador, ultimo_alterador_id) FROM stdin;
1	7	0	\N	2017-07-12	\N	2017-07-13 03:00:00	\N	f	\N	200	3	2	0	\N	\N	\N	\N	\N	\N
1	9	2	\N	\N	\N	\N	\N	\N	\N	\N	\N	\N	\N	\N	\N	\N	\N	\N	\N
2	13	0	\N	2017-07-12	\N	2017-07-13 03:00:00	\N	f	\N	1	3	2	\N	\N	\N	\\xaced000573720026636f6d2e656974732e6465736166696f2e646f6d61696e2e656e746974792e5573756172696f000000000000000102000f5a0005617469766f4a000269644c000763656c756c61727400124c6a6176612f6c616e672f537472696e673b4c000c636f6e6669726d53656e686171007e00014c000363706671007e00014c000763726961646f727400284c636f6d2f656974732f6465736166696f2f646f6d61696e2f656e746974792f5573756172696f3b4c000d64617461416c7465726163616f7400154c6a6176612f74696d652f4c6f63616c446174653b4c000c64617461436164617374726f71007e00034c0005656d61696c71007e00014c0008656e64657265636f71007e00014c00046e6f6d6571007e00014c000a7065726d6973736f657374002b4c636f6d2f656974732f6465736166696f2f646f6d61696e2f656e746974792f5065726d6973736f65733b5b00077065736f4350467400025b494c000573656e686171007e00014c000f756c74696d6f416c74657261646f7271007e0002787001000000000000000174000b34353939393539383330387074000b3032353432333232303538707372000d6a6176612e74696d652e536572955d84ba1b2248b20c00007870770703000007e1070c78707400177761676e65722e6d617474656940676d61696c2e636f6d74001743656e74726f206465204e6f7661205a656c616e64696174000d5761676e6572204d61747465697e720029636f6d2e656974732e6465736166696f2e646f6d61696e2e656e746974792e5065726d6973736f657300000000000000001200007872000e6a6176612e6c616e672e456e756d0000000000000000120000787074000d41444d494e4953545241444f52757200025b494dba602676eab2a502000078700000000a0000000b0000000a000000090000000800000007000000060000000500000004000000030000000274000561646d696e7371007e000001000000000000000174000b34353939393539383330387074000b3032353432333232303538707371007e0009770703000007e1070c78707400177761676e65722e6d617474656940676d61696c2e636f6d74000643656e74726f74000d5761676e6572204d617474656971007e00107571007e00120000000a0000000b0000000a000000090000000800000007000000060000000500000004000000030000000274000561646d696e70	\N	\N	\N
2	14	1	2017-07-12	2017-07-12	\N	2017-07-13 06:00:00	dsa	f	\N	1	3	2	\N	\N	\N	\\xaced000573720026636f6d2e656974732e6465736166696f2e646f6d61696e2e656e746974792e5573756172696f000000000000000102000f5a0005617469766f4a000269644c000763656c756c61727400124c6a6176612f6c616e672f537472696e673b4c000c636f6e6669726d53656e686171007e00014c000363706671007e00014c000763726961646f727400284c636f6d2f656974732f6465736166696f2f646f6d61696e2f656e746974792f5573756172696f3b4c000d64617461416c7465726163616f7400154c6a6176612f74696d652f4c6f63616c446174653b4c000c64617461436164617374726f71007e00034c0005656d61696c71007e00014c0008656e64657265636f71007e00014c00046e6f6d6571007e00014c000a7065726d6973736f657374002b4c636f6d2f656974732f6465736166696f2f646f6d61696e2f656e746974792f5065726d6973736f65733b5b00077065736f4350467400025b494c000573656e686171007e00014c000f756c74696d6f416c74657261646f7271007e0002787001000000000000000174000b34353939393539383330387074000b30323534323332323035387070707400177761676e65722e6d617474656940676d61696c2e636f6d74001743656e74726f206465204e6f7661205a656c616e64696174000d5761676e6572204d61747465697e720029636f6d2e656974732e6465736166696f2e646f6d61696e2e656e746974792e5065726d6973736f657300000000000000001200007872000e6a6176612e6c616e672e456e756d0000000000000000120000787074000d41444d494e4953545241444f52757200025b494dba602676eab2a502000078700000000a0000000b0000000a0000000900000008000000070000000600000005000000040000000300000002707371007e000001000000000000000174000b34353939393539383330387074000b30323534323332323035387070707400177761676e65722e6d617474656940676d61696c2e636f6d74000643656e74726f74000d5761676e6572204d617474656971007e000e7571007e00100000000a0000000b0000000a00000009000000080000000700000006000000050000000400000003000000027070	\N	\\xaced000573720026636f6d2e656974732e6465736166696f2e646f6d61696e2e656e746974792e5573756172696f000000000000000102000f5a0005617469766f4a000269644c000763656c756c61727400124c6a6176612f6c616e672f537472696e673b4c000c636f6e6669726d53656e686171007e00014c000363706671007e00014c000763726961646f727400284c636f6d2f656974732f6465736166696f2f646f6d61696e2f656e746974792f5573756172696f3b4c000d64617461416c7465726163616f7400154c6a6176612f74696d652f4c6f63616c446174653b4c000c64617461436164617374726f71007e00034c0005656d61696c71007e00014c0008656e64657265636f71007e00014c00046e6f6d6571007e00014c000a7065726d6973736f657374002b4c636f6d2f656974732f6465736166696f2f646f6d61696e2f656e746974792f5065726d6973736f65733b5b00077065736f4350467400025b494c000573656e686171007e00014c000f756c74696d6f416c74657261646f7271007e0002787001000000000000000174000b34353939393539383330387074000b3032353432333232303538707372000d6a6176612e74696d652e536572955d84ba1b2248b20c00007870770703000007e1070c78707400177761676e65722e6d617474656940676d61696c2e636f6d74001743656e74726f206465204e6f7661205a656c616e64696174000d5761676e6572204d61747465697e720029636f6d2e656974732e6465736166696f2e646f6d61696e2e656e746974792e5065726d6973736f657300000000000000001200007872000e6a6176612e6c616e672e456e756d0000000000000000120000787074000d41444d494e4953545241444f52757200025b494dba602676eab2a502000078700000000a0000000b0000000a000000090000000800000007000000060000000500000004000000030000000274000561646d696e7371007e000001000000000000000174000b34353939393539383330387074000b3032353432333232303538707371007e0009770703000007e1070c78707400177761676e65722e6d617474656940676d61696c2e636f6d74000643656e74726f74000d5761676e6572204d617474656971007e00107571007e00120000000a0000000b0000000a000000090000000800000007000000060000000500000004000000030000000274000561646d696e70	\N
2	15	1	2017-07-12	2017-07-12	\N	2017-07-13 09:00:00	dsa	f	\N	1	2	3	\N	\N	\N	\\xaced000573720026636f6d2e656974732e6465736166696f2e646f6d61696e2e656e746974792e5573756172696f000000000000000102000f5a0005617469766f4a000269644c000763656c756c61727400124c6a6176612f6c616e672f537472696e673b4c000c636f6e6669726d53656e686171007e00014c000363706671007e00014c000763726961646f727400284c636f6d2f656974732f6465736166696f2f646f6d61696e2f656e746974792f5573756172696f3b4c000d64617461416c7465726163616f7400154c6a6176612f74696d652f4c6f63616c446174653b4c000c64617461436164617374726f71007e00034c0005656d61696c71007e00014c0008656e64657265636f71007e00014c00046e6f6d6571007e00014c000a7065726d6973736f657374002b4c636f6d2f656974732f6465736166696f2f646f6d61696e2f656e746974792f5065726d6973736f65733b5b00077065736f4350467400025b494c000573656e686171007e00014c000f756c74696d6f416c74657261646f7271007e0002787001000000000000000174000b34353939393539383330387074000b30323534323332323035387070707400177761676e65722e6d617474656940676d61696c2e636f6d74001743656e74726f206465204e6f7661205a656c616e64696174000d5761676e6572204d61747465697e720029636f6d2e656974732e6465736166696f2e646f6d61696e2e656e746974792e5065726d6973736f657300000000000000001200007872000e6a6176612e6c616e672e456e756d0000000000000000120000787074000d41444d494e4953545241444f52757200025b494dba602676eab2a502000078700000000a0000000b0000000a0000000900000008000000070000000600000005000000040000000300000002707371007e000001000000000000000174000b34353939393539383330387074000b30323534323332323035387070707400177761676e65722e6d617474656940676d61696c2e636f6d74000643656e74726f74000d5761676e6572204d617474656971007e000e7571007e00100000000a0000000b0000000a00000009000000080000000700000006000000050000000400000003000000027070	\N	\\xaced000573720026636f6d2e656974732e6465736166696f2e646f6d61696e2e656e746974792e5573756172696f000000000000000102000f5a0005617469766f4a000269644c000763656c756c61727400124c6a6176612f6c616e672f537472696e673b4c000c636f6e6669726d53656e686171007e00014c000363706671007e00014c000763726961646f727400284c636f6d2f656974732f6465736166696f2f646f6d61696e2f656e746974792f5573756172696f3b4c000d64617461416c7465726163616f7400154c6a6176612f74696d652f4c6f63616c446174653b4c000c64617461436164617374726f71007e00034c0005656d61696c71007e00014c0008656e64657265636f71007e00014c00046e6f6d6571007e00014c000a7065726d6973736f657374002b4c636f6d2f656974732f6465736166696f2f646f6d61696e2f656e746974792f5065726d6973736f65733b5b00077065736f4350467400025b494c000573656e686171007e00014c000f756c74696d6f416c74657261646f7271007e0002787001000000000000000174000b34353939393539383330387074000b3032353432333232303538707372000d6a6176612e74696d652e536572955d84ba1b2248b20c00007870770703000007e1070c78707400177761676e65722e6d617474656940676d61696c2e636f6d74001743656e74726f206465204e6f7661205a656c616e64696174000d5761676e6572204d61747465697e720029636f6d2e656974732e6465736166696f2e646f6d61696e2e656e746974792e5065726d6973736f657300000000000000001200007872000e6a6176612e6c616e672e456e756d0000000000000000120000787074000d41444d494e4953545241444f52757200025b494dba602676eab2a502000078700000000a0000000b0000000a000000090000000800000007000000060000000500000004000000030000000274000561646d696e7371007e000001000000000000000174000b34353939393539383330387074000b3032353432333232303538707371007e0009770703000007e1070c78707400177761676e65722e6d617474656940676d61696c2e636f6d74000643656e74726f74000d5761676e6572204d617474656971007e00107571007e00120000000a0000000b0000000a000000090000000800000007000000060000000500000004000000030000000274000561646d696e70	\N
2	16	1	2017-07-12	2017-07-12	2017-07-12	2017-07-13 09:00:00	dsa	t	\N	1	2	3	\N	\N	\N	\\xaced000573720026636f6d2e656974732e6465736166696f2e646f6d61696e2e656e746974792e5573756172696f000000000000000102000f5a0005617469766f4a000269644c000763656c756c61727400124c6a6176612f6c616e672f537472696e673b4c000c636f6e6669726d53656e686171007e00014c000363706671007e00014c000763726961646f727400284c636f6d2f656974732f6465736166696f2f646f6d61696e2f656e746974792f5573756172696f3b4c000d64617461416c7465726163616f7400154c6a6176612f74696d652f4c6f63616c446174653b4c000c64617461436164617374726f71007e00034c0005656d61696c71007e00014c0008656e64657265636f71007e00014c00046e6f6d6571007e00014c000a7065726d6973736f657374002b4c636f6d2f656974732f6465736166696f2f646f6d61696e2f656e746974792f5065726d6973736f65733b5b00077065736f4350467400025b494c000573656e686171007e00014c000f756c74696d6f416c74657261646f7271007e0002787001000000000000000174000b34353939393539383330387074000b30323534323332323035387070707400177761676e65722e6d617474656940676d61696c2e636f6d74001743656e74726f206465204e6f7661205a656c616e64696174000d5761676e6572204d61747465697e720029636f6d2e656974732e6465736166696f2e646f6d61696e2e656e746974792e5065726d6973736f657300000000000000001200007872000e6a6176612e6c616e672e456e756d0000000000000000120000787074000d41444d494e4953545241444f52757200025b494dba602676eab2a502000078700000000a0000000b0000000a0000000900000008000000070000000600000005000000040000000300000002707371007e000001000000000000000174000b34353939393539383330387074000b30323534323332323035387070707400177761676e65722e6d617474656940676d61696c2e636f6d74000643656e74726f74000d5761676e6572204d617474656971007e000e7571007e00100000000a0000000b0000000a00000009000000080000000700000006000000050000000400000003000000027070	\\xaced000573720026636f6d2e656974732e6465736166696f2e646f6d61696e2e656e746974792e5573756172696f000000000000000102000f5a0005617469766f4a000269644c000763656c756c61727400124c6a6176612f6c616e672f537472696e673b4c000c636f6e6669726d53656e686171007e00014c000363706671007e00014c000763726961646f727400284c636f6d2f656974732f6465736166696f2f646f6d61696e2f656e746974792f5573756172696f3b4c000d64617461416c7465726163616f7400154c6a6176612f74696d652f4c6f63616c446174653b4c000c64617461436164617374726f71007e00034c0005656d61696c71007e00014c0008656e64657265636f71007e00014c00046e6f6d6571007e00014c000a7065726d6973736f657374002b4c636f6d2f656974732f6465736166696f2f646f6d61696e2f656e746974792f5065726d6973736f65733b5b00077065736f4350467400025b494c000573656e686171007e00014c000f756c74696d6f416c74657261646f7271007e0002787001000000000000000174000b34353939393539383330387074000b3032353432333232303538707372000d6a6176612e74696d652e536572955d84ba1b2248b20c00007870770703000007e1070c78707400177761676e65722e6d617474656940676d61696c2e636f6d74001743656e74726f206465204e6f7661205a656c616e64696174000d5761676e6572204d61747465697e720029636f6d2e656974732e6465736166696f2e646f6d61696e2e656e746974792e5065726d6973736f657300000000000000001200007872000e6a6176612e6c616e672e456e756d0000000000000000120000787074000d41444d494e4953545241444f52757200025b494dba602676eab2a502000078700000000a0000000b0000000a000000090000000800000007000000060000000500000004000000030000000274000561646d696e7371007e000001000000000000000174000b34353939393539383330387074000b3032353432333232303538707371007e0009770703000007e1070c78707400177761676e65722e6d617474656940676d61696c2e636f6d74000643656e74726f74000d5761676e6572204d617474656971007e00107571007e00120000000a0000000b0000000a000000090000000800000007000000060000000500000004000000030000000274000561646d696e70	\\xaced000573720026636f6d2e656974732e6465736166696f2e646f6d61696e2e656e746974792e5573756172696f000000000000000102000f5a0005617469766f4a000269644c000763656c756c61727400124c6a6176612f6c616e672f537472696e673b4c000c636f6e6669726d53656e686171007e00014c000363706671007e00014c000763726961646f727400284c636f6d2f656974732f6465736166696f2f646f6d61696e2f656e746974792f5573756172696f3b4c000d64617461416c7465726163616f7400154c6a6176612f74696d652f4c6f63616c446174653b4c000c64617461436164617374726f71007e00034c0005656d61696c71007e00014c0008656e64657265636f71007e00014c00046e6f6d6571007e00014c000a7065726d6973736f657374002b4c636f6d2f656974732f6465736166696f2f646f6d61696e2f656e746974792f5065726d6973736f65733b5b00077065736f4350467400025b494c000573656e686171007e00014c000f756c74696d6f416c74657261646f7271007e0002787001000000000000000174000b34353939393539383330387074000b3032353432333232303538707372000d6a6176612e74696d652e536572955d84ba1b2248b20c00007870770703000007e1070c78707400177761676e65722e6d617474656940676d61696c2e636f6d74001743656e74726f206465204e6f7661205a656c616e64696174000d5761676e6572204d61747465697e720029636f6d2e656974732e6465736166696f2e646f6d61696e2e656e746974792e5065726d6973736f657300000000000000001200007872000e6a6176612e6c616e672e456e756d0000000000000000120000787074000d41444d494e4953545241444f52757200025b494dba602676eab2a502000078700000000a0000000b0000000a000000090000000800000007000000060000000500000004000000030000000274000561646d696e7371007e000001000000000000000174000b34353939393539383330387074000b3032353432333232303538707371007e0009770703000007e1070c78707400177761676e65722e6d617474656940676d61696c2e636f6d74000643656e74726f74000d5761676e6572204d617474656971007e00107571007e00120000000a0000000b0000000a000000090000000800000007000000060000000500000004000000030000000274000561646d696e70	\N
2	23	1	2017-07-12	2017-07-12	\N	2017-07-14 00:00:00	dsa	t	FATURA TV (2).pdf	1	2	3	\N	\N	\N	\\xaced000573720026636f6d2e656974732e6465736166696f2e646f6d61696e2e656e746974792e5573756172696f000000000000000102000f5a0005617469766f4a000269644c000763656c756c61727400124c6a6176612f6c616e672f537472696e673b4c000c636f6e6669726d53656e686171007e00014c000363706671007e00014c000763726961646f727400284c636f6d2f656974732f6465736166696f2f646f6d61696e2f656e746974792f5573756172696f3b4c000d64617461416c7465726163616f7400154c6a6176612f74696d652f4c6f63616c446174653b4c000c64617461436164617374726f71007e00034c0005656d61696c71007e00014c0008656e64657265636f71007e00014c00046e6f6d6571007e00014c000a7065726d6973736f657374002b4c636f6d2f656974732f6465736166696f2f646f6d61696e2f656e746974792f5065726d6973736f65733b5b00077065736f4350467400025b494c000573656e686171007e00014c000f756c74696d6f416c74657261646f7271007e0002787001000000000000000174000b34353939393539383330387074000b30323534323332323035387070707400177761676e65722e6d617474656940676d61696c2e636f6d74001743656e74726f206465204e6f7661205a656c616e64696174000d5761676e6572204d61747465697e720029636f6d2e656974732e6465736166696f2e646f6d61696e2e656e746974792e5065726d6973736f657300000000000000001200007872000e6a6176612e6c616e672e456e756d0000000000000000120000787074000d41444d494e4953545241444f52757200025b494dba602676eab2a502000078700000000a0000000b0000000a0000000900000008000000070000000600000005000000040000000300000002707371007e000001000000000000000174000b34353939393539383330387074000b30323534323332323035387070707400177761676e65722e6d617474656940676d61696c2e636f6d74000643656e74726f74000d5761676e6572204d617474656971007e000e7571007e00100000000a0000000b0000000a00000009000000080000000700000006000000050000000400000003000000027070	\\xaced000573720026636f6d2e656974732e6465736166696f2e646f6d61696e2e656e746974792e5573756172696f000000000000000102000f5a0005617469766f4a000269644c000763656c756c61727400124c6a6176612f6c616e672f537472696e673b4c000c636f6e6669726d53656e686171007e00014c000363706671007e00014c000763726961646f727400284c636f6d2f656974732f6465736166696f2f646f6d61696e2f656e746974792f5573756172696f3b4c000d64617461416c7465726163616f7400154c6a6176612f74696d652f4c6f63616c446174653b4c000c64617461436164617374726f71007e00034c0005656d61696c71007e00014c0008656e64657265636f71007e00014c00046e6f6d6571007e00014c000a7065726d6973736f657374002b4c636f6d2f656974732f6465736166696f2f646f6d61696e2f656e746974792f5065726d6973736f65733b5b00077065736f4350467400025b494c000573656e686171007e00014c000f756c74696d6f416c74657261646f7271007e0002787001000000000000000174000b34353939393539383330387074000b30323534323332323035387070707400177761676e65722e6d617474656940676d61696c2e636f6d74001743656e74726f206465204e6f7661205a656c616e64696174000d5761676e6572204d61747465697e720029636f6d2e656974732e6465736166696f2e646f6d61696e2e656e746974792e5065726d6973736f657300000000000000001200007872000e6a6176612e6c616e672e456e756d0000000000000000120000787074000d41444d494e4953545241444f52757200025b494dba602676eab2a502000078700000000a0000000b0000000a0000000900000008000000070000000600000005000000040000000300000002707371007e000001000000000000000174000b34353939393539383330387074000b30323534323332323035387070707400177761676e65722e6d617474656940676d61696c2e636f6d74000643656e74726f74000d5761676e6572204d617474656971007e000e7571007e00100000000a0000000b0000000a00000009000000080000000700000006000000050000000400000003000000027070	\\xaced000573720026636f6d2e656974732e6465736166696f2e646f6d61696e2e656e746974792e5573756172696f000000000000000102000f5a0005617469766f4a000269644c000763656c756c61727400124c6a6176612f6c616e672f537472696e673b4c000c636f6e6669726d53656e686171007e00014c000363706671007e00014c000763726961646f727400284c636f6d2f656974732f6465736166696f2f646f6d61696e2f656e746974792f5573756172696f3b4c000d64617461416c7465726163616f7400154c6a6176612f74696d652f4c6f63616c446174653b4c000c64617461436164617374726f71007e00034c0005656d61696c71007e00014c0008656e64657265636f71007e00014c00046e6f6d6571007e00014c000a7065726d6973736f657374002b4c636f6d2f656974732f6465736166696f2f646f6d61696e2f656e746974792f5065726d6973736f65733b5b00077065736f4350467400025b494c000573656e686171007e00014c000f756c74696d6f416c74657261646f7271007e0002787001000000000000000a74000835343634383739367074000b34313234353731313335307371007e000001000000000000000174000b34353939393539383330387074000b3032353432333232303538707372000d6a6176612e74696d652e536572955d84ba1b2248b20c00007870770703000007e1070c78707400177761676e65722e6d617474656940676d61696c2e636f6d74001743656e74726f206465204e6f7661205a656c616e64696174000d5761676e6572204d61747465697e720029636f6d2e656974732e6465736166696f2e646f6d61696e2e656e746974792e5065726d6973736f657300000000000000001200007872000e6a6176612e6c616e672e456e756d0000000000000000120000787074000d41444d494e4953545241444f52757200025b494dba602676eab2a502000078700000000a0000000b0000000a000000090000000800000007000000060000000500000004000000030000000274003c24326124313024672e7754345230576e66656c316a632f6b38344f5875775a453032426c4143534c6657793654796347507676454b76496d383653477371007e000001000000000000000174000b34353939393539383330387074000b3032353432333232303538707371007e000c770703000007e1070c78707400177761676e65722e6d617474656940676d61696c2e636f6d74000643656e74726f74000d5761676e6572204d617474656971007e00137571007e00150000000a0000000b0000000a000000090000000800000007000000060000000500000004000000030000000274000561646d696e70707371007e000c770703000007e1070c787400197761676e65722e6d617474656940656974732e636f6d2e62727400096173646173646173647400125761676e657220436f6c61626f7261646f727e71007e001174000b434f4c41424f5241444f527571007e00150000000a0000000b0000000a000000090000000800000007000000060000000500000004000000030000000274003c243261243130246d764734637346546964576b72684b51562f3065612e714a625170372f4f366b784b5a586b646e514635703476774d42575562346570	\N
2	17	1	2017-07-12	2017-07-12	\N	2017-07-13 12:00:00	dsa	t	FATURA TV (2).pdf	1	2	3	\N	\N	\N	\\xaced000573720026636f6d2e656974732e6465736166696f2e646f6d61696e2e656e746974792e5573756172696f000000000000000102000f5a0005617469766f4a000269644c000763656c756c61727400124c6a6176612f6c616e672f537472696e673b4c000c636f6e6669726d53656e686171007e00014c000363706671007e00014c000763726961646f727400284c636f6d2f656974732f6465736166696f2f646f6d61696e2f656e746974792f5573756172696f3b4c000d64617461416c7465726163616f7400154c6a6176612f74696d652f4c6f63616c446174653b4c000c64617461436164617374726f71007e00034c0005656d61696c71007e00014c0008656e64657265636f71007e00014c00046e6f6d6571007e00014c000a7065726d6973736f657374002b4c636f6d2f656974732f6465736166696f2f646f6d61696e2f656e746974792f5065726d6973736f65733b5b00077065736f4350467400025b494c000573656e686171007e00014c000f756c74696d6f416c74657261646f7271007e0002787001000000000000000174000b34353939393539383330387074000b30323534323332323035387070707400177761676e65722e6d617474656940676d61696c2e636f6d74001743656e74726f206465204e6f7661205a656c616e64696174000d5761676e6572204d61747465697e720029636f6d2e656974732e6465736166696f2e646f6d61696e2e656e746974792e5065726d6973736f657300000000000000001200007872000e6a6176612e6c616e672e456e756d0000000000000000120000787074000d41444d494e4953545241444f52757200025b494dba602676eab2a502000078700000000a0000000b0000000a0000000900000008000000070000000600000005000000040000000300000002707371007e000001000000000000000174000b34353939393539383330387074000b30323534323332323035387070707400177761676e65722e6d617474656940676d61696c2e636f6d74000643656e74726f74000d5761676e6572204d617474656971007e000e7571007e00100000000a0000000b0000000a00000009000000080000000700000006000000050000000400000003000000027070	\\xaced000573720026636f6d2e656974732e6465736166696f2e646f6d61696e2e656e746974792e5573756172696f000000000000000102000f5a0005617469766f4a000269644c000763656c756c61727400124c6a6176612f6c616e672f537472696e673b4c000c636f6e6669726d53656e686171007e00014c000363706671007e00014c000763726961646f727400284c636f6d2f656974732f6465736166696f2f646f6d61696e2f656e746974792f5573756172696f3b4c000d64617461416c7465726163616f7400154c6a6176612f74696d652f4c6f63616c446174653b4c000c64617461436164617374726f71007e00034c0005656d61696c71007e00014c0008656e64657265636f71007e00014c00046e6f6d6571007e00014c000a7065726d6973736f657374002b4c636f6d2f656974732f6465736166696f2f646f6d61696e2f656e746974792f5065726d6973736f65733b5b00077065736f4350467400025b494c000573656e686171007e00014c000f756c74696d6f416c74657261646f7271007e0002787001000000000000000174000b34353939393539383330387074000b30323534323332323035387070707400177761676e65722e6d617474656940676d61696c2e636f6d74001743656e74726f206465204e6f7661205a656c616e64696174000d5761676e6572204d61747465697e720029636f6d2e656974732e6465736166696f2e646f6d61696e2e656e746974792e5065726d6973736f657300000000000000001200007872000e6a6176612e6c616e672e456e756d0000000000000000120000787074000d41444d494e4953545241444f52757200025b494dba602676eab2a502000078700000000a0000000b0000000a0000000900000008000000070000000600000005000000040000000300000002707371007e000001000000000000000174000b34353939393539383330387074000b30323534323332323035387070707400177761676e65722e6d617474656940676d61696c2e636f6d74000643656e74726f74000d5761676e6572204d617474656971007e000e7571007e00100000000a0000000b0000000a00000009000000080000000700000006000000050000000400000003000000027070	\\xaced000573720026636f6d2e656974732e6465736166696f2e646f6d61696e2e656e746974792e5573756172696f000000000000000102000f5a0005617469766f4a000269644c000763656c756c61727400124c6a6176612f6c616e672f537472696e673b4c000c636f6e6669726d53656e686171007e00014c000363706671007e00014c000763726961646f727400284c636f6d2f656974732f6465736166696f2f646f6d61696e2f656e746974792f5573756172696f3b4c000d64617461416c7465726163616f7400154c6a6176612f74696d652f4c6f63616c446174653b4c000c64617461436164617374726f71007e00034c0005656d61696c71007e00014c0008656e64657265636f71007e00014c00046e6f6d6571007e00014c000a7065726d6973736f657374002b4c636f6d2f656974732f6465736166696f2f646f6d61696e2f656e746974792f5065726d6973736f65733b5b00077065736f4350467400025b494c000573656e686171007e00014c000f756c74696d6f416c74657261646f7271007e0002787001000000000000000174000b34353939393539383330387074000b3032353432333232303538707372000d6a6176612e74696d652e536572955d84ba1b2248b20c00007870770703000007e1070c78707400177761676e65722e6d617474656940676d61696c2e636f6d74001743656e74726f206465204e6f7661205a656c616e64696174000d5761676e6572204d61747465697e720029636f6d2e656974732e6465736166696f2e646f6d61696e2e656e746974792e5065726d6973736f657300000000000000001200007872000e6a6176612e6c616e672e456e756d0000000000000000120000787074000d41444d494e4953545241444f52757200025b494dba602676eab2a502000078700000000a0000000b0000000a000000090000000800000007000000060000000500000004000000030000000274000561646d696e7371007e000001000000000000000174000b34353939393539383330387074000b3032353432333232303538707371007e0009770703000007e1070c78707400177761676e65722e6d617474656940676d61696c2e636f6d74000643656e74726f74000d5761676e6572204d617474656971007e00107571007e00120000000a0000000b0000000a000000090000000800000007000000060000000500000004000000030000000274000561646d696e70	\N
2	18	1	2017-07-12	2017-07-12	\N	2017-07-13 15:00:00	dsa	t	\N	1	2	3	\N	\N	\N	\\xaced000573720026636f6d2e656974732e6465736166696f2e646f6d61696e2e656e746974792e5573756172696f000000000000000102000f5a0005617469766f4a000269644c000763656c756c61727400124c6a6176612f6c616e672f537472696e673b4c000c636f6e6669726d53656e686171007e00014c000363706671007e00014c000763726961646f727400284c636f6d2f656974732f6465736166696f2f646f6d61696e2f656e746974792f5573756172696f3b4c000d64617461416c7465726163616f7400154c6a6176612f74696d652f4c6f63616c446174653b4c000c64617461436164617374726f71007e00034c0005656d61696c71007e00014c0008656e64657265636f71007e00014c00046e6f6d6571007e00014c000a7065726d6973736f657374002b4c636f6d2f656974732f6465736166696f2f646f6d61696e2f656e746974792f5065726d6973736f65733b5b00077065736f4350467400025b494c000573656e686171007e00014c000f756c74696d6f416c74657261646f7271007e0002787001000000000000000174000b34353939393539383330387074000b30323534323332323035387070707400177761676e65722e6d617474656940676d61696c2e636f6d74001743656e74726f206465204e6f7661205a656c616e64696174000d5761676e6572204d61747465697e720029636f6d2e656974732e6465736166696f2e646f6d61696e2e656e746974792e5065726d6973736f657300000000000000001200007872000e6a6176612e6c616e672e456e756d0000000000000000120000787074000d41444d494e4953545241444f52757200025b494dba602676eab2a502000078700000000a0000000b0000000a0000000900000008000000070000000600000005000000040000000300000002707371007e000001000000000000000174000b34353939393539383330387074000b30323534323332323035387070707400177761676e65722e6d617474656940676d61696c2e636f6d74000643656e74726f74000d5761676e6572204d617474656971007e000e7571007e00100000000a0000000b0000000a00000009000000080000000700000006000000050000000400000003000000027070	\\xaced000573720026636f6d2e656974732e6465736166696f2e646f6d61696e2e656e746974792e5573756172696f000000000000000102000f5a0005617469766f4a000269644c000763656c756c61727400124c6a6176612f6c616e672f537472696e673b4c000c636f6e6669726d53656e686171007e00014c000363706671007e00014c000763726961646f727400284c636f6d2f656974732f6465736166696f2f646f6d61696e2f656e746974792f5573756172696f3b4c000d64617461416c7465726163616f7400154c6a6176612f74696d652f4c6f63616c446174653b4c000c64617461436164617374726f71007e00034c0005656d61696c71007e00014c0008656e64657265636f71007e00014c00046e6f6d6571007e00014c000a7065726d6973736f657374002b4c636f6d2f656974732f6465736166696f2f646f6d61696e2f656e746974792f5065726d6973736f65733b5b00077065736f4350467400025b494c000573656e686171007e00014c000f756c74696d6f416c74657261646f7271007e0002787001000000000000000174000b34353939393539383330387074000b30323534323332323035387070707400177761676e65722e6d617474656940676d61696c2e636f6d74001743656e74726f206465204e6f7661205a656c616e64696174000d5761676e6572204d61747465697e720029636f6d2e656974732e6465736166696f2e646f6d61696e2e656e746974792e5065726d6973736f657300000000000000001200007872000e6a6176612e6c616e672e456e756d0000000000000000120000787074000d41444d494e4953545241444f52757200025b494dba602676eab2a502000078700000000a0000000b0000000a0000000900000008000000070000000600000005000000040000000300000002707371007e000001000000000000000174000b34353939393539383330387074000b30323534323332323035387070707400177761676e65722e6d617474656940676d61696c2e636f6d74000643656e74726f74000d5761676e6572204d617474656971007e000e7571007e00100000000a0000000b0000000a00000009000000080000000700000006000000050000000400000003000000027070	\\xaced000573720026636f6d2e656974732e6465736166696f2e646f6d61696e2e656e746974792e5573756172696f000000000000000102000f5a0005617469766f4a000269644c000763656c756c61727400124c6a6176612f6c616e672f537472696e673b4c000c636f6e6669726d53656e686171007e00014c000363706671007e00014c000763726961646f727400284c636f6d2f656974732f6465736166696f2f646f6d61696e2f656e746974792f5573756172696f3b4c000d64617461416c7465726163616f7400154c6a6176612f74696d652f4c6f63616c446174653b4c000c64617461436164617374726f71007e00034c0005656d61696c71007e00014c0008656e64657265636f71007e00014c00046e6f6d6571007e00014c000a7065726d6973736f657374002b4c636f6d2f656974732f6465736166696f2f646f6d61696e2f656e746974792f5065726d6973736f65733b5b00077065736f4350467400025b494c000573656e686171007e00014c000f756c74696d6f416c74657261646f7271007e0002787001000000000000000174000b34353939393539383330387074000b3032353432333232303538707372000d6a6176612e74696d652e536572955d84ba1b2248b20c00007870770703000007e1070c78707400177761676e65722e6d617474656940676d61696c2e636f6d74001743656e74726f206465204e6f7661205a656c616e64696174000d5761676e6572204d61747465697e720029636f6d2e656974732e6465736166696f2e646f6d61696e2e656e746974792e5065726d6973736f657300000000000000001200007872000e6a6176612e6c616e672e456e756d0000000000000000120000787074000d41444d494e4953545241444f52757200025b494dba602676eab2a502000078700000000a0000000b0000000a000000090000000800000007000000060000000500000004000000030000000274000561646d696e7371007e000001000000000000000174000b34353939393539383330387074000b3032353432333232303538707371007e0009770703000007e1070c78707400177761676e65722e6d617474656940676d61696c2e636f6d74000643656e74726f74000d5761676e6572204d617474656971007e00107571007e00120000000a0000000b0000000a000000090000000800000007000000060000000500000004000000030000000274000561646d696e70	\N
2	19	1	2017-07-12	2017-07-12	\N	2017-07-13 18:00:00	dsa	t	FATURA TV (2) (1).pdf	1	2	3	\N	\N	\N	\\xaced000573720026636f6d2e656974732e6465736166696f2e646f6d61696e2e656e746974792e5573756172696f000000000000000102000f5a0005617469766f4a000269644c000763656c756c61727400124c6a6176612f6c616e672f537472696e673b4c000c636f6e6669726d53656e686171007e00014c000363706671007e00014c000763726961646f727400284c636f6d2f656974732f6465736166696f2f646f6d61696e2f656e746974792f5573756172696f3b4c000d64617461416c7465726163616f7400154c6a6176612f74696d652f4c6f63616c446174653b4c000c64617461436164617374726f71007e00034c0005656d61696c71007e00014c0008656e64657265636f71007e00014c00046e6f6d6571007e00014c000a7065726d6973736f657374002b4c636f6d2f656974732f6465736166696f2f646f6d61696e2f656e746974792f5065726d6973736f65733b5b00077065736f4350467400025b494c000573656e686171007e00014c000f756c74696d6f416c74657261646f7271007e0002787001000000000000000174000b34353939393539383330387074000b30323534323332323035387070707400177761676e65722e6d617474656940676d61696c2e636f6d74001743656e74726f206465204e6f7661205a656c616e64696174000d5761676e6572204d61747465697e720029636f6d2e656974732e6465736166696f2e646f6d61696e2e656e746974792e5065726d6973736f657300000000000000001200007872000e6a6176612e6c616e672e456e756d0000000000000000120000787074000d41444d494e4953545241444f52757200025b494dba602676eab2a502000078700000000a0000000b0000000a0000000900000008000000070000000600000005000000040000000300000002707371007e000001000000000000000174000b34353939393539383330387074000b30323534323332323035387070707400177761676e65722e6d617474656940676d61696c2e636f6d74000643656e74726f74000d5761676e6572204d617474656971007e000e7571007e00100000000a0000000b0000000a00000009000000080000000700000006000000050000000400000003000000027070	\\xaced000573720026636f6d2e656974732e6465736166696f2e646f6d61696e2e656e746974792e5573756172696f000000000000000102000f5a0005617469766f4a000269644c000763656c756c61727400124c6a6176612f6c616e672f537472696e673b4c000c636f6e6669726d53656e686171007e00014c000363706671007e00014c000763726961646f727400284c636f6d2f656974732f6465736166696f2f646f6d61696e2f656e746974792f5573756172696f3b4c000d64617461416c7465726163616f7400154c6a6176612f74696d652f4c6f63616c446174653b4c000c64617461436164617374726f71007e00034c0005656d61696c71007e00014c0008656e64657265636f71007e00014c00046e6f6d6571007e00014c000a7065726d6973736f657374002b4c636f6d2f656974732f6465736166696f2f646f6d61696e2f656e746974792f5065726d6973736f65733b5b00077065736f4350467400025b494c000573656e686171007e00014c000f756c74696d6f416c74657261646f7271007e0002787001000000000000000174000b34353939393539383330387074000b30323534323332323035387070707400177761676e65722e6d617474656940676d61696c2e636f6d74001743656e74726f206465204e6f7661205a656c616e64696174000d5761676e6572204d61747465697e720029636f6d2e656974732e6465736166696f2e646f6d61696e2e656e746974792e5065726d6973736f657300000000000000001200007872000e6a6176612e6c616e672e456e756d0000000000000000120000787074000d41444d494e4953545241444f52757200025b494dba602676eab2a502000078700000000a0000000b0000000a0000000900000008000000070000000600000005000000040000000300000002707371007e000001000000000000000174000b34353939393539383330387074000b30323534323332323035387070707400177761676e65722e6d617474656940676d61696c2e636f6d74000643656e74726f74000d5761676e6572204d617474656971007e000e7571007e00100000000a0000000b0000000a00000009000000080000000700000006000000050000000400000003000000027070	\\xaced000573720026636f6d2e656974732e6465736166696f2e646f6d61696e2e656e746974792e5573756172696f000000000000000102000f5a0005617469766f4a000269644c000763656c756c61727400124c6a6176612f6c616e672f537472696e673b4c000c636f6e6669726d53656e686171007e00014c000363706671007e00014c000763726961646f727400284c636f6d2f656974732f6465736166696f2f646f6d61696e2f656e746974792f5573756172696f3b4c000d64617461416c7465726163616f7400154c6a6176612f74696d652f4c6f63616c446174653b4c000c64617461436164617374726f71007e00034c0005656d61696c71007e00014c0008656e64657265636f71007e00014c00046e6f6d6571007e00014c000a7065726d6973736f657374002b4c636f6d2f656974732f6465736166696f2f646f6d61696e2f656e746974792f5065726d6973736f65733b5b00077065736f4350467400025b494c000573656e686171007e00014c000f756c74696d6f416c74657261646f7271007e0002787001000000000000000174000b34353939393539383330387074000b3032353432333232303538707372000d6a6176612e74696d652e536572955d84ba1b2248b20c00007870770703000007e1070c78707400177761676e65722e6d617474656940676d61696c2e636f6d74001743656e74726f206465204e6f7661205a656c616e64696174000d5761676e6572204d61747465697e720029636f6d2e656974732e6465736166696f2e646f6d61696e2e656e746974792e5065726d6973736f657300000000000000001200007872000e6a6176612e6c616e672e456e756d0000000000000000120000787074000d41444d494e4953545241444f52757200025b494dba602676eab2a502000078700000000a0000000b0000000a000000090000000800000007000000060000000500000004000000030000000274000561646d696e7371007e000001000000000000000174000b34353939393539383330387074000b3032353432333232303538707371007e0009770703000007e1070c78707400177761676e65722e6d617474656940676d61696c2e636f6d74000643656e74726f74000d5761676e6572204d617474656971007e00107571007e00120000000a0000000b0000000a000000090000000800000007000000060000000500000004000000030000000274000561646d696e70	\N
2	20	1	2017-07-12	2017-07-12	\N	2017-07-13 21:00:00	dsa	t	\N	1	2	3	\N	\N	\N	\\xaced000573720026636f6d2e656974732e6465736166696f2e646f6d61696e2e656e746974792e5573756172696f000000000000000102000f5a0005617469766f4a000269644c000763656c756c61727400124c6a6176612f6c616e672f537472696e673b4c000c636f6e6669726d53656e686171007e00014c000363706671007e00014c000763726961646f727400284c636f6d2f656974732f6465736166696f2f646f6d61696e2f656e746974792f5573756172696f3b4c000d64617461416c7465726163616f7400154c6a6176612f74696d652f4c6f63616c446174653b4c000c64617461436164617374726f71007e00034c0005656d61696c71007e00014c0008656e64657265636f71007e00014c00046e6f6d6571007e00014c000a7065726d6973736f657374002b4c636f6d2f656974732f6465736166696f2f646f6d61696e2f656e746974792f5065726d6973736f65733b5b00077065736f4350467400025b494c000573656e686171007e00014c000f756c74696d6f416c74657261646f7271007e0002787001000000000000000174000b34353939393539383330387074000b30323534323332323035387070707400177761676e65722e6d617474656940676d61696c2e636f6d74001743656e74726f206465204e6f7661205a656c616e64696174000d5761676e6572204d61747465697e720029636f6d2e656974732e6465736166696f2e646f6d61696e2e656e746974792e5065726d6973736f657300000000000000001200007872000e6a6176612e6c616e672e456e756d0000000000000000120000787074000d41444d494e4953545241444f52757200025b494dba602676eab2a502000078700000000a0000000b0000000a0000000900000008000000070000000600000005000000040000000300000002707371007e000001000000000000000174000b34353939393539383330387074000b30323534323332323035387070707400177761676e65722e6d617474656940676d61696c2e636f6d74000643656e74726f74000d5761676e6572204d617474656971007e000e7571007e00100000000a0000000b0000000a00000009000000080000000700000006000000050000000400000003000000027070	\\xaced000573720026636f6d2e656974732e6465736166696f2e646f6d61696e2e656e746974792e5573756172696f000000000000000102000f5a0005617469766f4a000269644c000763656c756c61727400124c6a6176612f6c616e672f537472696e673b4c000c636f6e6669726d53656e686171007e00014c000363706671007e00014c000763726961646f727400284c636f6d2f656974732f6465736166696f2f646f6d61696e2f656e746974792f5573756172696f3b4c000d64617461416c7465726163616f7400154c6a6176612f74696d652f4c6f63616c446174653b4c000c64617461436164617374726f71007e00034c0005656d61696c71007e00014c0008656e64657265636f71007e00014c00046e6f6d6571007e00014c000a7065726d6973736f657374002b4c636f6d2f656974732f6465736166696f2f646f6d61696e2f656e746974792f5065726d6973736f65733b5b00077065736f4350467400025b494c000573656e686171007e00014c000f756c74696d6f416c74657261646f7271007e0002787001000000000000000174000b34353939393539383330387074000b30323534323332323035387070707400177761676e65722e6d617474656940676d61696c2e636f6d74001743656e74726f206465204e6f7661205a656c616e64696174000d5761676e6572204d61747465697e720029636f6d2e656974732e6465736166696f2e646f6d61696e2e656e746974792e5065726d6973736f657300000000000000001200007872000e6a6176612e6c616e672e456e756d0000000000000000120000787074000d41444d494e4953545241444f52757200025b494dba602676eab2a502000078700000000a0000000b0000000a0000000900000008000000070000000600000005000000040000000300000002707371007e000001000000000000000174000b34353939393539383330387074000b30323534323332323035387070707400177761676e65722e6d617474656940676d61696c2e636f6d74000643656e74726f74000d5761676e6572204d617474656971007e000e7571007e00100000000a0000000b0000000a00000009000000080000000700000006000000050000000400000003000000027070	\\xaced000573720026636f6d2e656974732e6465736166696f2e646f6d61696e2e656e746974792e5573756172696f000000000000000102000f5a0005617469766f4a000269644c000763656c756c61727400124c6a6176612f6c616e672f537472696e673b4c000c636f6e6669726d53656e686171007e00014c000363706671007e00014c000763726961646f727400284c636f6d2f656974732f6465736166696f2f646f6d61696e2f656e746974792f5573756172696f3b4c000d64617461416c7465726163616f7400154c6a6176612f74696d652f4c6f63616c446174653b4c000c64617461436164617374726f71007e00034c0005656d61696c71007e00014c0008656e64657265636f71007e00014c00046e6f6d6571007e00014c000a7065726d6973736f657374002b4c636f6d2f656974732f6465736166696f2f646f6d61696e2f656e746974792f5065726d6973736f65733b5b00077065736f4350467400025b494c000573656e686171007e00014c000f756c74696d6f416c74657261646f7271007e0002787001000000000000000174000b34353939393539383330387074000b3032353432333232303538707372000d6a6176612e74696d652e536572955d84ba1b2248b20c00007870770703000007e1070c78707400177761676e65722e6d617474656940676d61696c2e636f6d74001743656e74726f206465204e6f7661205a656c616e64696174000d5761676e6572204d61747465697e720029636f6d2e656974732e6465736166696f2e646f6d61696e2e656e746974792e5065726d6973736f657300000000000000001200007872000e6a6176612e6c616e672e456e756d0000000000000000120000787074000d41444d494e4953545241444f52757200025b494dba602676eab2a502000078700000000a0000000b0000000a000000090000000800000007000000060000000500000004000000030000000274000561646d696e7371007e000001000000000000000174000b34353939393539383330387074000b3032353432333232303538707371007e0009770703000007e1070c78707400177761676e65722e6d617474656940676d61696c2e636f6d74000643656e74726f74000d5761676e6572204d617474656971007e00107571007e00120000000a0000000b0000000a000000090000000800000007000000060000000500000004000000030000000274000561646d696e70	\N
2	24	1	2017-07-12	2017-07-12	\N	2017-07-14 03:00:00	dsa	t	FATURA TV (2).pdf	1	2	3	\N	\N	\N	\\xaced000573720026636f6d2e656974732e6465736166696f2e646f6d61696e2e656e746974792e5573756172696f000000000000000102000f5a0005617469766f4a000269644c000763656c756c61727400124c6a6176612f6c616e672f537472696e673b4c000c636f6e6669726d53656e686171007e00014c000363706671007e00014c000763726961646f727400284c636f6d2f656974732f6465736166696f2f646f6d61696e2f656e746974792f5573756172696f3b4c000d64617461416c7465726163616f7400154c6a6176612f74696d652f4c6f63616c446174653b4c000c64617461436164617374726f71007e00034c0005656d61696c71007e00014c0008656e64657265636f71007e00014c00046e6f6d6571007e00014c000a7065726d6973736f657374002b4c636f6d2f656974732f6465736166696f2f646f6d61696e2f656e746974792f5065726d6973736f65733b5b00077065736f4350467400025b494c000573656e686171007e00014c000f756c74696d6f416c74657261646f7271007e0002787001000000000000000174000b34353939393539383330387074000b30323534323332323035387070707400177761676e65722e6d617474656940676d61696c2e636f6d74001743656e74726f206465204e6f7661205a656c616e64696174000d5761676e6572204d61747465697e720029636f6d2e656974732e6465736166696f2e646f6d61696e2e656e746974792e5065726d6973736f657300000000000000001200007872000e6a6176612e6c616e672e456e756d0000000000000000120000787074000d41444d494e4953545241444f52757200025b494dba602676eab2a502000078700000000a0000000b0000000a0000000900000008000000070000000600000005000000040000000300000002707371007e000001000000000000000174000b34353939393539383330387074000b30323534323332323035387070707400177761676e65722e6d617474656940676d61696c2e636f6d74000643656e74726f74000d5761676e6572204d617474656971007e000e7571007e00100000000a0000000b0000000a00000009000000080000000700000006000000050000000400000003000000027070	\\xaced000573720026636f6d2e656974732e6465736166696f2e646f6d61696e2e656e746974792e5573756172696f000000000000000102000f5a0005617469766f4a000269644c000763656c756c61727400124c6a6176612f6c616e672f537472696e673b4c000c636f6e6669726d53656e686171007e00014c000363706671007e00014c000763726961646f727400284c636f6d2f656974732f6465736166696f2f646f6d61696e2f656e746974792f5573756172696f3b4c000d64617461416c7465726163616f7400154c6a6176612f74696d652f4c6f63616c446174653b4c000c64617461436164617374726f71007e00034c0005656d61696c71007e00014c0008656e64657265636f71007e00014c00046e6f6d6571007e00014c000a7065726d6973736f657374002b4c636f6d2f656974732f6465736166696f2f646f6d61696e2f656e746974792f5065726d6973736f65733b5b00077065736f4350467400025b494c000573656e686171007e00014c000f756c74696d6f416c74657261646f7271007e0002787001000000000000000174000b34353939393539383330387074000b30323534323332323035387070707400177761676e65722e6d617474656940676d61696c2e636f6d74001743656e74726f206465204e6f7661205a656c616e64696174000d5761676e6572204d61747465697e720029636f6d2e656974732e6465736166696f2e646f6d61696e2e656e746974792e5065726d6973736f657300000000000000001200007872000e6a6176612e6c616e672e456e756d0000000000000000120000787074000d41444d494e4953545241444f52757200025b494dba602676eab2a502000078700000000a0000000b0000000a0000000900000008000000070000000600000005000000040000000300000002707371007e000001000000000000000174000b34353939393539383330387074000b30323534323332323035387070707400177761676e65722e6d617474656940676d61696c2e636f6d74000643656e74726f74000d5761676e6572204d617474656971007e000e7571007e00100000000a0000000b0000000a00000009000000080000000700000006000000050000000400000003000000027070	\\xaced000573720026636f6d2e656974732e6465736166696f2e646f6d61696e2e656e746974792e5573756172696f000000000000000102000f5a0005617469766f4a000269644c000763656c756c61727400124c6a6176612f6c616e672f537472696e673b4c000c636f6e6669726d53656e686171007e00014c000363706671007e00014c000763726961646f727400284c636f6d2f656974732f6465736166696f2f646f6d61696e2f656e746974792f5573756172696f3b4c000d64617461416c7465726163616f7400154c6a6176612f74696d652f4c6f63616c446174653b4c000c64617461436164617374726f71007e00034c0005656d61696c71007e00014c0008656e64657265636f71007e00014c00046e6f6d6571007e00014c000a7065726d6973736f657374002b4c636f6d2f656974732f6465736166696f2f646f6d61696e2f656e746974792f5065726d6973736f65733b5b00077065736f4350467400025b494c000573656e686171007e00014c000f756c74696d6f416c74657261646f7271007e0002787001000000000000000a74000835343634383739367074000b34313234353731313335307371007e000001000000000000000174000b34353939393539383330387074000b3032353432333232303538707372000d6a6176612e74696d652e536572955d84ba1b2248b20c00007870770703000007e1070c78707400177761676e65722e6d617474656940676d61696c2e636f6d74001743656e74726f206465204e6f7661205a656c616e64696174000d5761676e6572204d61747465697e720029636f6d2e656974732e6465736166696f2e646f6d61696e2e656e746974792e5065726d6973736f657300000000000000001200007872000e6a6176612e6c616e672e456e756d0000000000000000120000787074000d41444d494e4953545241444f52757200025b494dba602676eab2a502000078700000000a0000000b0000000a000000090000000800000007000000060000000500000004000000030000000274003c24326124313024672e7754345230576e66656c316a632f6b38344f5875775a453032426c4143534c6657793654796347507676454b76496d383653477371007e000001000000000000000174000b34353939393539383330387074000b3032353432333232303538707371007e000c770703000007e1070c78707400177761676e65722e6d617474656940676d61696c2e636f6d74000643656e74726f74000d5761676e6572204d617474656971007e00137571007e00150000000a0000000b0000000a000000090000000800000007000000060000000500000004000000030000000274000561646d696e70707371007e000c770703000007e1070c787400197761676e65722e6d617474656940656974732e636f6d2e62727400096173646173646173647400125761676e657220436f6c61626f7261646f727e71007e001174000b434f4c41424f5241444f527571007e00150000000a0000000b0000000a000000090000000800000007000000060000000500000004000000030000000274003c243261243130246d764734637346546964576b72684b51562f3065612e714a625170372f4f366b784b5a586b646e514635703476774d42575562346570	\N
3	37	0	\N	2017-07-12	\N	2017-11-22 02:00:00	\N	f	\N	5	3	4	\N	\N	\N	\\xaced000573720026636f6d2e656974732e6465736166696f2e646f6d61696e2e656e746974792e5573756172696f000000000000000102000f5a0005617469766f4a000269644c000763656c756c61727400124c6a6176612f6c616e672f537472696e673b4c000c636f6e6669726d53656e686171007e00014c000363706671007e00014c000763726961646f727400284c636f6d2f656974732f6465736166696f2f646f6d61696e2f656e746974792f5573756172696f3b4c000d64617461416c7465726163616f7400154c6a6176612f74696d652f4c6f63616c446174653b4c000c64617461436164617374726f71007e00034c0005656d61696c71007e00014c0008656e64657265636f71007e00014c00046e6f6d6571007e00014c000a7065726d6973736f657374002b4c636f6d2f656974732f6465736166696f2f646f6d61696e2f656e746974792f5065726d6973736f65733b5b00077065736f4350467400025b494c000573656e686171007e00014c000f756c74696d6f416c74657261646f7271007e0002787001000000000000000174000b34353939393539383330387074000b3032353432333232303538707372000d6a6176612e74696d652e536572955d84ba1b2248b20c00007870770703000007e1070c78707400177761676e65722e6d617474656940676d61696c2e636f6d74001743656e74726f206465204e6f7661205a656c616e64696174000d5761676e6572204d61747465697e720029636f6d2e656974732e6465736166696f2e646f6d61696e2e656e746974792e5065726d6973736f657300000000000000001200007872000e6a6176612e6c616e672e456e756d0000000000000000120000787074000d41444d494e4953545241444f52757200025b494dba602676eab2a502000078700000000a0000000b0000000a000000090000000800000007000000060000000500000004000000030000000274003c24326124313024672e7754345230576e66656c316a632f6b38344f5875775a453032426c4143534c6657793654796347507676454b76496d3836534770	\N	\N	\N
3	38	1	2017-07-12	2017-07-12	\N	2017-11-22 04:00:00	dsadasd	f	\N	5	3	4	\N	\N	\N	\\xaced000573720026636f6d2e656974732e6465736166696f2e646f6d61696e2e656e746974792e5573756172696f000000000000000102000f5a0005617469766f4a000269644c000763656c756c61727400124c6a6176612f6c616e672f537472696e673b4c000c636f6e6669726d53656e686171007e00014c000363706671007e00014c000763726961646f727400284c636f6d2f656974732f6465736166696f2f646f6d61696e2f656e746974792f5573756172696f3b4c000d64617461416c7465726163616f7400154c6a6176612f74696d652f4c6f63616c446174653b4c000c64617461436164617374726f71007e00034c0005656d61696c71007e00014c0008656e64657265636f71007e00014c00046e6f6d6571007e00014c000a7065726d6973736f657374002b4c636f6d2f656974732f6465736166696f2f646f6d61696e2f656e746974792f5065726d6973736f65733b5b00077065736f4350467400025b494c000573656e686171007e00014c000f756c74696d6f416c74657261646f7271007e0002787001000000000000000174000b34353939393539383330387074000b30323534323332323035387070707400177761676e65722e6d617474656940676d61696c2e636f6d74001743656e74726f206465204e6f7661205a656c616e64696174000d5761676e6572204d61747465697e720029636f6d2e656974732e6465736166696f2e646f6d61696e2e656e746974792e5065726d6973736f657300000000000000001200007872000e6a6176612e6c616e672e456e756d0000000000000000120000787074000d41444d494e4953545241444f52757200025b494dba602676eab2a502000078700000000a0000000b0000000a00000009000000080000000700000006000000050000000400000003000000027070	\N	\\xaced000573720026636f6d2e656974732e6465736166696f2e646f6d61696e2e656e746974792e5573756172696f000000000000000102000f5a0005617469766f4a000269644c000763656c756c61727400124c6a6176612f6c616e672f537472696e673b4c000c636f6e6669726d53656e686171007e00014c000363706671007e00014c000763726961646f727400284c636f6d2f656974732f6465736166696f2f646f6d61696e2f656e746974792f5573756172696f3b4c000d64617461416c7465726163616f7400154c6a6176612f74696d652f4c6f63616c446174653b4c000c64617461436164617374726f71007e00034c0005656d61696c71007e00014c0008656e64657265636f71007e00014c00046e6f6d6571007e00014c000a7065726d6973736f657374002b4c636f6d2f656974732f6465736166696f2f646f6d61696e2f656e746974792f5065726d6973736f65733b5b00077065736f4350467400025b494c000573656e686171007e00014c000f756c74696d6f416c74657261646f7271007e0002787001000000000000000174000b34353939393539383330387074000b3032353432333232303538707372000d6a6176612e74696d652e536572955d84ba1b2248b20c00007870770703000007e1070c78707400177761676e65722e6d617474656940676d61696c2e636f6d74001743656e74726f206465204e6f7661205a656c616e64696174000d5761676e6572204d61747465697e720029636f6d2e656974732e6465736166696f2e646f6d61696e2e656e746974792e5065726d6973736f657300000000000000001200007872000e6a6176612e6c616e672e456e756d0000000000000000120000787074000d41444d494e4953545241444f52757200025b494dba602676eab2a502000078700000000a0000000b0000000a000000090000000800000007000000060000000500000004000000030000000274003c24326124313024672e7754345230576e66656c316a632f6b38344f5875775a453032426c4143534c6657793654796347507676454b76496d3836534770	\N
3	39	1	2017-07-12	2017-07-12	2017-07-12	2017-11-22 04:00:00	dsadasd	t	\N	5	3	4	\N	\N	\N	\\xaced000573720026636f6d2e656974732e6465736166696f2e646f6d61696e2e656e746974792e5573756172696f000000000000000102000f5a0005617469766f4a000269644c000763656c756c61727400124c6a6176612f6c616e672f537472696e673b4c000c636f6e6669726d53656e686171007e00014c000363706671007e00014c000763726961646f727400284c636f6d2f656974732f6465736166696f2f646f6d61696e2f656e746974792f5573756172696f3b4c000d64617461416c7465726163616f7400154c6a6176612f74696d652f4c6f63616c446174653b4c000c64617461436164617374726f71007e00034c0005656d61696c71007e00014c0008656e64657265636f71007e00014c00046e6f6d6571007e00014c000a7065726d6973736f657374002b4c636f6d2f656974732f6465736166696f2f646f6d61696e2f656e746974792f5065726d6973736f65733b5b00077065736f4350467400025b494c000573656e686171007e00014c000f756c74696d6f416c74657261646f7271007e0002787001000000000000000174000b34353939393539383330387074000b30323534323332323035387070707400177761676e65722e6d617474656940676d61696c2e636f6d74001743656e74726f206465204e6f7661205a656c616e64696174000d5761676e6572204d61747465697e720029636f6d2e656974732e6465736166696f2e646f6d61696e2e656e746974792e5065726d6973736f657300000000000000001200007872000e6a6176612e6c616e672e456e756d0000000000000000120000787074000d41444d494e4953545241444f52757200025b494dba602676eab2a502000078700000000a0000000b0000000a00000009000000080000000700000006000000050000000400000003000000027070	\\xaced000573720026636f6d2e656974732e6465736166696f2e646f6d61696e2e656e746974792e5573756172696f000000000000000102000f5a0005617469766f4a000269644c000763656c756c61727400124c6a6176612f6c616e672f537472696e673b4c000c636f6e6669726d53656e686171007e00014c000363706671007e00014c000763726961646f727400284c636f6d2f656974732f6465736166696f2f646f6d61696e2f656e746974792f5573756172696f3b4c000d64617461416c7465726163616f7400154c6a6176612f74696d652f4c6f63616c446174653b4c000c64617461436164617374726f71007e00034c0005656d61696c71007e00014c0008656e64657265636f71007e00014c00046e6f6d6571007e00014c000a7065726d6973736f657374002b4c636f6d2f656974732f6465736166696f2f646f6d61696e2f656e746974792f5065726d6973736f65733b5b00077065736f4350467400025b494c000573656e686171007e00014c000f756c74696d6f416c74657261646f7271007e0002787001000000000000000174000b34353939393539383330387074000b3032353432333232303538707372000d6a6176612e74696d652e536572955d84ba1b2248b20c00007870770703000007e1070c78707400177761676e65722e6d617474656940676d61696c2e636f6d74001743656e74726f206465204e6f7661205a656c616e64696174000d5761676e6572204d61747465697e720029636f6d2e656974732e6465736166696f2e646f6d61696e2e656e746974792e5065726d6973736f657300000000000000001200007872000e6a6176612e6c616e672e456e756d0000000000000000120000787074000d41444d494e4953545241444f52757200025b494dba602676eab2a502000078700000000a0000000b0000000a000000090000000800000007000000060000000500000004000000030000000274003c24326124313024672e7754345230576e66656c316a632f6b38344f5875775a453032426c4143534c6657793654796347507676454b76496d3836534770	\\xaced000573720026636f6d2e656974732e6465736166696f2e646f6d61696e2e656e746974792e5573756172696f000000000000000102000f5a0005617469766f4a000269644c000763656c756c61727400124c6a6176612f6c616e672f537472696e673b4c000c636f6e6669726d53656e686171007e00014c000363706671007e00014c000763726961646f727400284c636f6d2f656974732f6465736166696f2f646f6d61696e2f656e746974792f5573756172696f3b4c000d64617461416c7465726163616f7400154c6a6176612f74696d652f4c6f63616c446174653b4c000c64617461436164617374726f71007e00034c0005656d61696c71007e00014c0008656e64657265636f71007e00014c00046e6f6d6571007e00014c000a7065726d6973736f657374002b4c636f6d2f656974732f6465736166696f2f646f6d61696e2f656e746974792f5065726d6973736f65733b5b00077065736f4350467400025b494c000573656e686171007e00014c000f756c74696d6f416c74657261646f7271007e0002787001000000000000000174000b34353939393539383330387074000b3032353432333232303538707372000d6a6176612e74696d652e536572955d84ba1b2248b20c00007870770703000007e1070c78707400177761676e65722e6d617474656940676d61696c2e636f6d74001743656e74726f206465204e6f7661205a656c616e64696174000d5761676e6572204d61747465697e720029636f6d2e656974732e6465736166696f2e646f6d61696e2e656e746974792e5065726d6973736f657300000000000000001200007872000e6a6176612e6c616e672e456e756d0000000000000000120000787074000d41444d494e4953545241444f52757200025b494dba602676eab2a502000078700000000a0000000b0000000a000000090000000800000007000000060000000500000004000000030000000274003c24326124313024672e7754345230576e66656c316a632f6b38344f5875775a453032426c4143534c6657793654796347507676454b76496d3836534770	\N
3	40	1	2017-07-12	2017-07-12	\N	2017-11-22 06:00:00	dsadasd	t	FATURA TV (2).pdf	5	3	4	\N	\N	\N	\\xaced000573720026636f6d2e656974732e6465736166696f2e646f6d61696e2e656e746974792e5573756172696f000000000000000102000f5a0005617469766f4a000269644c000763656c756c61727400124c6a6176612f6c616e672f537472696e673b4c000c636f6e6669726d53656e686171007e00014c000363706671007e00014c000763726961646f727400284c636f6d2f656974732f6465736166696f2f646f6d61696e2f656e746974792f5573756172696f3b4c000d64617461416c7465726163616f7400154c6a6176612f74696d652f4c6f63616c446174653b4c000c64617461436164617374726f71007e00034c0005656d61696c71007e00014c0008656e64657265636f71007e00014c00046e6f6d6571007e00014c000a7065726d6973736f657374002b4c636f6d2f656974732f6465736166696f2f646f6d61696e2f656e746974792f5065726d6973736f65733b5b00077065736f4350467400025b494c000573656e686171007e00014c000f756c74696d6f416c74657261646f7271007e0002787001000000000000000174000b34353939393539383330387074000b30323534323332323035387070707400177761676e65722e6d617474656940676d61696c2e636f6d74001743656e74726f206465204e6f7661205a656c616e64696174000d5761676e6572204d61747465697e720029636f6d2e656974732e6465736166696f2e646f6d61696e2e656e746974792e5065726d6973736f657300000000000000001200007872000e6a6176612e6c616e672e456e756d0000000000000000120000787074000d41444d494e4953545241444f52757200025b494dba602676eab2a502000078700000000a0000000b0000000a00000009000000080000000700000006000000050000000400000003000000027070	\\xaced000573720026636f6d2e656974732e6465736166696f2e646f6d61696e2e656e746974792e5573756172696f000000000000000102000f5a0005617469766f4a000269644c000763656c756c61727400124c6a6176612f6c616e672f537472696e673b4c000c636f6e6669726d53656e686171007e00014c000363706671007e00014c000763726961646f727400284c636f6d2f656974732f6465736166696f2f646f6d61696e2f656e746974792f5573756172696f3b4c000d64617461416c7465726163616f7400154c6a6176612f74696d652f4c6f63616c446174653b4c000c64617461436164617374726f71007e00034c0005656d61696c71007e00014c0008656e64657265636f71007e00014c00046e6f6d6571007e00014c000a7065726d6973736f657374002b4c636f6d2f656974732f6465736166696f2f646f6d61696e2f656e746974792f5065726d6973736f65733b5b00077065736f4350467400025b494c000573656e686171007e00014c000f756c74696d6f416c74657261646f7271007e0002787001000000000000000174000b34353939393539383330387074000b30323534323332323035387070707400177761676e65722e6d617474656940676d61696c2e636f6d74001743656e74726f206465204e6f7661205a656c616e64696174000d5761676e6572204d61747465697e720029636f6d2e656974732e6465736166696f2e646f6d61696e2e656e746974792e5065726d6973736f657300000000000000001200007872000e6a6176612e6c616e672e456e756d0000000000000000120000787074000d41444d494e4953545241444f52757200025b494dba602676eab2a502000078700000000a0000000b0000000a00000009000000080000000700000006000000050000000400000003000000027070	\\xaced000573720026636f6d2e656974732e6465736166696f2e646f6d61696e2e656e746974792e5573756172696f000000000000000102000f5a0005617469766f4a000269644c000763656c756c61727400124c6a6176612f6c616e672f537472696e673b4c000c636f6e6669726d53656e686171007e00014c000363706671007e00014c000763726961646f727400284c636f6d2f656974732f6465736166696f2f646f6d61696e2f656e746974792f5573756172696f3b4c000d64617461416c7465726163616f7400154c6a6176612f74696d652f4c6f63616c446174653b4c000c64617461436164617374726f71007e00034c0005656d61696c71007e00014c0008656e64657265636f71007e00014c00046e6f6d6571007e00014c000a7065726d6973736f657374002b4c636f6d2f656974732f6465736166696f2f646f6d61696e2f656e746974792f5065726d6973736f65733b5b00077065736f4350467400025b494c000573656e686171007e00014c000f756c74696d6f416c74657261646f7271007e0002787001000000000000000174000b34353939393539383330387074000b3032353432333232303538707372000d6a6176612e74696d652e536572955d84ba1b2248b20c00007870770703000007e1070c78707400177761676e65722e6d617474656940676d61696c2e636f6d74001743656e74726f206465204e6f7661205a656c616e64696174000d5761676e6572204d61747465697e720029636f6d2e656974732e6465736166696f2e646f6d61696e2e656e746974792e5065726d6973736f657300000000000000001200007872000e6a6176612e6c616e672e456e756d0000000000000000120000787074000d41444d494e4953545241444f52757200025b494dba602676eab2a502000078700000000a0000000b0000000a000000090000000800000007000000060000000500000004000000030000000274003c24326124313024672e7754345230576e66656c316a632f6b38344f5875775a453032426c4143534c6657793654796347507676454b76496d3836534770	\N
3	41	1	2017-07-12	2017-07-12	\N	2017-11-22 08:00:00	dsadasd	t	\N	5	3	4	\N	\N	\N	\\xaced000573720026636f6d2e656974732e6465736166696f2e646f6d61696e2e656e746974792e5573756172696f000000000000000102000f5a0005617469766f4a000269644c000763656c756c61727400124c6a6176612f6c616e672f537472696e673b4c000c636f6e6669726d53656e686171007e00014c000363706671007e00014c000763726961646f727400284c636f6d2f656974732f6465736166696f2f646f6d61696e2f656e746974792f5573756172696f3b4c000d64617461416c7465726163616f7400154c6a6176612f74696d652f4c6f63616c446174653b4c000c64617461436164617374726f71007e00034c0005656d61696c71007e00014c0008656e64657265636f71007e00014c00046e6f6d6571007e00014c000a7065726d6973736f657374002b4c636f6d2f656974732f6465736166696f2f646f6d61696e2f656e746974792f5065726d6973736f65733b5b00077065736f4350467400025b494c000573656e686171007e00014c000f756c74696d6f416c74657261646f7271007e0002787001000000000000000174000b34353939393539383330387074000b30323534323332323035387070707400177761676e65722e6d617474656940676d61696c2e636f6d74001743656e74726f206465204e6f7661205a656c616e64696174000d5761676e6572204d61747465697e720029636f6d2e656974732e6465736166696f2e646f6d61696e2e656e746974792e5065726d6973736f657300000000000000001200007872000e6a6176612e6c616e672e456e756d0000000000000000120000787074000d41444d494e4953545241444f52757200025b494dba602676eab2a502000078700000000a0000000b0000000a00000009000000080000000700000006000000050000000400000003000000027070	\\xaced000573720026636f6d2e656974732e6465736166696f2e646f6d61696e2e656e746974792e5573756172696f000000000000000102000f5a0005617469766f4a000269644c000763656c756c61727400124c6a6176612f6c616e672f537472696e673b4c000c636f6e6669726d53656e686171007e00014c000363706671007e00014c000763726961646f727400284c636f6d2f656974732f6465736166696f2f646f6d61696e2f656e746974792f5573756172696f3b4c000d64617461416c7465726163616f7400154c6a6176612f74696d652f4c6f63616c446174653b4c000c64617461436164617374726f71007e00034c0005656d61696c71007e00014c0008656e64657265636f71007e00014c00046e6f6d6571007e00014c000a7065726d6973736f657374002b4c636f6d2f656974732f6465736166696f2f646f6d61696e2f656e746974792f5065726d6973736f65733b5b00077065736f4350467400025b494c000573656e686171007e00014c000f756c74696d6f416c74657261646f7271007e0002787001000000000000000174000b34353939393539383330387074000b30323534323332323035387070707400177761676e65722e6d617474656940676d61696c2e636f6d74001743656e74726f206465204e6f7661205a656c616e64696174000d5761676e6572204d61747465697e720029636f6d2e656974732e6465736166696f2e646f6d61696e2e656e746974792e5065726d6973736f657300000000000000001200007872000e6a6176612e6c616e672e456e756d0000000000000000120000787074000d41444d494e4953545241444f52757200025b494dba602676eab2a502000078700000000a0000000b0000000a00000009000000080000000700000006000000050000000400000003000000027070	\\xaced000573720026636f6d2e656974732e6465736166696f2e646f6d61696e2e656e746974792e5573756172696f000000000000000102000f5a0005617469766f4a000269644c000763656c756c61727400124c6a6176612f6c616e672f537472696e673b4c000c636f6e6669726d53656e686171007e00014c000363706671007e00014c000763726961646f727400284c636f6d2f656974732f6465736166696f2f646f6d61696e2f656e746974792f5573756172696f3b4c000d64617461416c7465726163616f7400154c6a6176612f74696d652f4c6f63616c446174653b4c000c64617461436164617374726f71007e00034c0005656d61696c71007e00014c0008656e64657265636f71007e00014c00046e6f6d6571007e00014c000a7065726d6973736f657374002b4c636f6d2f656974732f6465736166696f2f646f6d61696e2f656e746974792f5065726d6973736f65733b5b00077065736f4350467400025b494c000573656e686171007e00014c000f756c74696d6f416c74657261646f7271007e0002787001000000000000000174000b34353939393539383330387074000b3032353432333232303538707372000d6a6176612e74696d652e536572955d84ba1b2248b20c00007870770703000007e1070c78707400177761676e65722e6d617474656940676d61696c2e636f6d74001743656e74726f206465204e6f7661205a656c616e64696174000d5761676e6572204d61747465697e720029636f6d2e656974732e6465736166696f2e646f6d61696e2e656e746974792e5065726d6973736f657300000000000000001200007872000e6a6176612e6c616e672e456e756d0000000000000000120000787074000d41444d494e4953545241444f52757200025b494dba602676eab2a502000078700000000a0000000b0000000a000000090000000800000007000000060000000500000004000000030000000274003c24326124313024672e7754345230576e66656c316a632f6b38344f5875775a453032426c4143534c6657793654796347507676454b76496d3836534770	\N
3	44	1	2017-07-12	2017-07-12	\N	2017-11-22 10:00:00	dsadasd	t	FATURA TV (1).pdf	5	3	4	\N	\N	\N	\N	\N	\N	1
4	51	0	\N	2017-07-12	\N	2017-07-13 03:00:00	\N	f	\N	5	2	4	1	\N	\N	\N	\N	\N	\N
4	52	1	\N	2017-07-12	2017-07-12	2017-07-13 03:00:00	\N	t	\N	5	2	4	1	1	\N	\N	\N	\N	\N
4	53	1	2017-07-12	2017-07-12	\N	2017-07-13 06:00:00	\N	t	FATURA TV (1) (1).pdf	5	2	4	1	1	\N	\N	\N	\N	1
5	54	0	\N	2017-07-12	\N	2017-07-21 03:00:00	\N	f	\N	6	4	2	1	\N	\N	\N	\N	\N	\N
5	55	1	\N	2017-07-12	2017-07-12	2017-07-21 03:00:00	\N	t	\N	6	4	2	1	1	\N	\N	\N	\N	\N
5	56	1	2017-07-12	2017-07-12	\N	2017-07-21 06:00:00	\N	t	FATURA TV (1) (2).pdf	6	4	2	1	1	\N	\N	\N	\N	1
6	57	0	\N	2017-07-12	\N	2017-07-19 03:00:00	\N	f	\N	5	2	4	1	\N	\N	\N	\N	\N	\N
6	58	1	\N	2017-07-12	2017-07-12	2017-07-19 03:00:00	\N	t	\N	5	2	4	1	1	\N	\N	\N	\N	\N
7	59	0	\N	2017-07-12	\N	2017-07-21 03:00:00	\N	f	\N	99	2	4	1	\N	\N	\N	\N	\N	\N
7	60	1	\N	2017-07-12	2017-07-12	2017-07-21 03:00:00	\N	t	\N	99	2	4	1	1	\N	\N	\N	\N	\N
7	61	1	2017-07-12	2017-07-12	\N	2017-07-21 06:00:00	\N	t	FATURA TV (2) (3).pdf	99	2	4	1	1	\N	\N	\N	\N	1
6	68	1	2017-07-12	2017-07-12	\N	2017-07-19 06:00:00	\N	t	\N	5	2	4	1	1	\N	\N	\N	\N	1
8	69	0	\N	2017-07-12	\N	2017-07-13 03:00:00	\N	f	\N	5	2	4	1	\N	\N	\N	\N	\N	\N
8	70	1	\N	2017-07-12	2017-07-12	2017-07-13 03:00:00	\N	t	\N	5	2	4	1	1	\N	\N	\N	\N	\N
8	71	1	2017-07-12	2017-07-12	\N	2017-07-13 06:00:00	\N	t	FATURA TV (1).pdf	5	2	4	1	1	\N	\N	\N	\N	1
9	72	0	\N	2017-07-12	\N	2017-07-20 03:00:00	\N	f	\N	23	2	4	1	\N	\N	\N	\N	\N	\N
9	73	1	\N	2017-07-12	2017-07-12	2017-07-20 03:00:00	\N	t	\N	23	2	4	1	1	\N	\N	\N	\N	\N
9	74	1	2017-07-12	2017-07-12	\N	2017-07-20 06:00:00	\N	t	FATURA TV (2).pdf	23	2	4	1	1	\N	\N	\N	\N	1
10	75	0	\N	2017-07-12	\N	2017-07-14 03:00:00	\N	f	\N	66	3	4	1	\N	\N	\N	\N	\N	\N
10	76	1	\N	2017-07-12	2017-07-12	2017-07-14 03:00:00	\N	t	\N	66	3	4	1	1	\N	\N	\N	\N	\N
10	77	1	2017-07-12	2017-07-12	\N	2017-07-14 06:00:00	\N	t	FATURA TV (2) (1).pdf	66	3	4	1	1	\N	\N	\N	\N	1
11	78	0	\N	2017-07-12	\N	2017-07-14 03:00:00	\N	f	\N	53	3	2	1	\N	\N	\N	\N	\N	\N
11	79	1	\N	2017-07-12	2017-07-12	2017-07-14 03:00:00	\N	t	\N	53	3	2	1	1	\N	\N	\N	\N	\N
11	80	1	2017-07-12	2017-07-12	\N	2017-07-14 06:00:00	\N	t	FATURA TV (2) (3).pdf	53	3	2	1	1	\N	\N	\N	\N	1
12	92	0	\N	2017-07-13	\N	2017-07-13 03:00:00	\N	f	\N	5	2	4	19	\N	\N	\N	\N	\N	\N
12	93	1	\N	2017-07-13	2017-07-13	2017-07-10 03:00:00	\N	t	\N	5	2	4	19	19	\N	\N	\N	\N	\N
13	132	0	\N	2017-07-14	\N	2017-07-21 03:00:00	\N	f	\N	5	2	4	18	\N	\N	\N	\N	\N	\N
14	133	0	\N	2017-07-14	\N	2017-07-15 03:00:00	\N	f	\N	9	7	2	18	\N	\N	\N	\N	\N	\N
15	134	0	\N	2017-07-14	\N	2017-07-14 03:00:00	\N	f	\N	9	4	2	18	\N	\N	\N	\N	\N	\N
16	135	0	\N	2017-07-14	\N	2017-07-27 03:00:00	\N	f	\N	9	2	4	18	\N	\N	\N	\N	\N	\N
17	136	0	\N	2017-07-14	\N	2017-07-22 03:00:00	\N	f	\N	9	2	4	18	\N	\N	\N	\N	\N	\N
16	141	1	\N	2017-07-14	2017-07-14	2017-07-10 03:00:00	\N	t	\N	9	2	4	18	18	\N	\N	\N	\N	\N
14	142	1	\N	2017-07-14	2017-07-14	2017-07-11 03:00:00	\N	t	\N	9	7	2	18	18	\N	\N	\N	\N	\N
14	143	1	2017-07-14	2017-07-14	\N	2017-07-11 06:00:00	dasdaasd	t	FATURA TV (1) (1).pdf	9	7	2	18	18	\N	\N	\N	\N	18
13	144	2	\N	\N	\N	\N	\N	\N	\N	\N	\N	\N	\N	\N	\N	\N	\N	\N	\N
15	145	1	\N	2017-07-14	2017-07-14	2017-07-14 03:00:00	\N	t	\N	9	4	2	18	18	\N	\N	\N	\N	\N
18	147	0	\N	2017-07-14	\N	2017-07-21 03:00:00	\N	f	\N	5	7	4	24	\N	\N	\N	\N	\N	\N
15	148	1	2017-07-14	2017-07-14	\N	2017-07-14 06:00:00	\N	t	FATURA TV (2).pdf	9	4	2	18	18	\N	\N	\N	\N	24
15	149	1	2017-07-14	2017-07-14	\N	2017-07-14 09:00:00	\N	t	FATURA TV (1).pdf	9	4	2	18	18	\N	\N	\N	\N	24
15	150	1	2017-07-14	2017-07-14	\N	2017-07-14 12:00:00	\N	t	FATURA TV (2) (1).pdf	9	4	2	18	18	\N	\N	\N	\N	24
15	151	1	2017-07-14	2017-07-14	\N	2017-07-14 15:00:00	\N	t	Wagner Gustavo Mattei (1).docx	9	4	2	18	18	\N	\N	\N	\N	24
15	152	1	2017-07-14	2017-07-14	\N	2017-07-14 18:00:00	\N	t	foto.jpg	9	4	2	18	18	\N	\N	\N	\N	24
\.


--
-- TOC entry 2256 (class 0 OID 0)
-- Dependencies: 189
-- Name: transacao_id_seq; Type: SEQUENCE SET; Schema: public; Owner: postgres
--

SELECT pg_catalog.setval('transacao_id_seq', 18, true);


--
-- TOC entry 2248 (class 0 OID 34174)
-- Dependencies: 194
-- Data for Name: usuario_aud; Type: TABLE DATA; Schema: public; Owner: postgres
--

COPY usuario_aud (id, rev, revtype, ativo, celular, cpf, data_alteracao, data_cadastro, email, endereco, nome, permissoes, senha, criador_id, ultimo_alterador, criador, ultimoalterador, ultimo_alterador_id) FROM stdin;
9	8	0	t	45999598308	79109387722	2017-07-12	\N	wagner.mattei@gmail.coms	Centro	Wagner Matteis	ADMINISTRADOR	admin	\N	\N	\N	\\xaced000573720026636f6d2e656974732e6465736166696f2e646f6d61696e2e656e746974792e5573756172696f000000000000000102000f5a0005617469766f4a000269644c000763656c756c61727400124c6a6176612f6c616e672f537472696e673b4c000c636f6e6669726d53656e686171007e00014c000363706671007e00014c000763726961646f727400284c636f6d2f656974732f6465736166696f2f646f6d61696e2f656e746974792f5573756172696f3b4c000d64617461416c7465726163616f7400154c6a6176612f74696d652f4c6f63616c446174653b4c000c64617461436164617374726f71007e00034c0005656d61696c71007e00014c0008656e64657265636f71007e00014c00046e6f6d6571007e00014c000a7065726d6973736f657374002b4c636f6d2f656974732f6465736166696f2f646f6d61696e2f656e746974792f5065726d6973736f65733b5b00077065736f4350467400025b494c000573656e686171007e00014c000f756c74696d6f416c74657261646f7271007e0002787001000000000000000074000b34353939393539383330387074000b30323534323332323035387070707400177761676e65722e6d617474656940676d61696c2e636f6d74000643656e74726f74000d5761676e6572204d61747465697e720029636f6d2e656974732e6465736166696f2e646f6d61696e2e656e746974792e5065726d6973736f657300000000000000001200007872000e6a6176612e6c616e672e456e756d0000000000000000120000787074000d41444d494e4953545241444f52757200025b494dba602676eab2a502000078700000000a0000000b0000000a000000090000000800000007000000060000000500000004000000030000000274000561646d696e70	\N
1	10	1	t	45999598308	02542322058	2017-07-12	\N	wagner.mattei@gmail.com	Centro	Wagner Mattei	ADMINISTRADOR	admin	\N	1	\N	\N	\N
1	11	1	t	45999598308	02542322058	2017-07-12	\N	wagner.mattei@gmail.com	Centro de Nova Zelandia	Wagner Mattei	ADMINISTRADOR	admin	\N	\N	\N	\\xaced000573720026636f6d2e656974732e6465736166696f2e646f6d61696e2e656e746974792e5573756172696f000000000000000102000f5a0005617469766f4a000269644c000763656c756c61727400124c6a6176612f6c616e672f537472696e673b4c000c636f6e6669726d53656e686171007e00014c000363706671007e00014c000763726961646f727400284c636f6d2f656974732f6465736166696f2f646f6d61696e2f656e746974792f5573756172696f3b4c000d64617461416c7465726163616f7400154c6a6176612f74696d652f4c6f63616c446174653b4c000c64617461436164617374726f71007e00034c0005656d61696c71007e00014c0008656e64657265636f71007e00014c00046e6f6d6571007e00014c000a7065726d6973736f657374002b4c636f6d2f656974732f6465736166696f2f646f6d61696e2f656e746974792f5065726d6973736f65733b5b00077065736f4350467400025b494c000573656e686171007e00014c000f756c74696d6f416c74657261646f7271007e0002787001000000000000000174000b34353939393539383330387074000b3032353432333232303538707372000d6a6176612e74696d652e536572955d84ba1b2248b20c00007870770703000007e1070c78707400177761676e65722e6d617474656940676d61696c2e636f6d74000643656e74726f74000d5761676e6572204d61747465697e720029636f6d2e656974732e6465736166696f2e646f6d61696e2e656e746974792e5065726d6973736f657300000000000000001200007872000e6a6176612e6c616e672e456e756d0000000000000000120000787074000d41444d494e4953545241444f52757200025b494dba602676eab2a502000078700000000a0000000b0000000a000000090000000800000007000000060000000500000004000000030000000274000561646d696e70	\N
10	21	0	t	54648796	41245711350	\N	2017-07-12	wagner.mattei@eits.com.br	asdasdasd	Wagner Colaborador	COLABORADOR	$2a$10$mvG4csFTidWkrhKQV/0ea.qJbQp7/O6kxKZXkdnQF5p4vwMBWUb4e	\N	\N	\\xaced000573720026636f6d2e656974732e6465736166696f2e646f6d61696e2e656e746974792e5573756172696f000000000000000102000f5a0005617469766f4a000269644c000763656c756c61727400124c6a6176612f6c616e672f537472696e673b4c000c636f6e6669726d53656e686171007e00014c000363706671007e00014c000763726961646f727400284c636f6d2f656974732f6465736166696f2f646f6d61696e2f656e746974792f5573756172696f3b4c000d64617461416c7465726163616f7400154c6a6176612f74696d652f4c6f63616c446174653b4c000c64617461436164617374726f71007e00034c0005656d61696c71007e00014c0008656e64657265636f71007e00014c00046e6f6d6571007e00014c000a7065726d6973736f657374002b4c636f6d2f656974732f6465736166696f2f646f6d61696e2f656e746974792f5065726d6973736f65733b5b00077065736f4350467400025b494c000573656e686171007e00014c000f756c74696d6f416c74657261646f7271007e0002787001000000000000000174000b34353939393539383330387074000b3032353432333232303538707372000d6a6176612e74696d652e536572955d84ba1b2248b20c00007870770703000007e1070c78707400177761676e65722e6d617474656940676d61696c2e636f6d74001743656e74726f206465204e6f7661205a656c616e64696174000d5761676e6572204d61747465697e720029636f6d2e656974732e6465736166696f2e646f6d61696e2e656e746974792e5065726d6973736f657300000000000000001200007872000e6a6176612e6c616e672e456e756d0000000000000000120000787074000d41444d494e4953545241444f52757200025b494dba602676eab2a502000078700000000a0000000b0000000a000000090000000800000007000000060000000500000004000000030000000274003c24326124313024672e7754345230576e66656c316a632f6b38344f5875775a453032426c4143534c6657793654796347507676454b76496d383653477371007e000001000000000000000174000b34353939393539383330387074000b3032353432333232303538707371007e0009770703000007e1070c78707400177761676e65722e6d617474656940676d61696c2e636f6d74000643656e74726f74000d5761676e6572204d617474656971007e00107571007e00120000000a0000000b0000000a000000090000000800000007000000060000000500000004000000030000000274000561646d696e70	\N	\N
10	25	1	f	54648796	41245711350	\N	2017-07-12	wagner.mattei@eits.com.br	asdasdasd	Wagner Colaborador	COLABORADOR	$2a$10$mvG4csFTidWkrhKQV/0ea.qJbQp7/O6kxKZXkdnQF5p4vwMBWUb4e	\N	\N	\\xaced000573720026636f6d2e656974732e6465736166696f2e646f6d61696e2e656e746974792e5573756172696f000000000000000102000f5a0005617469766f4a000269644c000763656c756c61727400124c6a6176612f6c616e672f537472696e673b4c000c636f6e6669726d53656e686171007e00014c000363706671007e00014c000763726961646f727400284c636f6d2f656974732f6465736166696f2f646f6d61696e2f656e746974792f5573756172696f3b4c000d64617461416c7465726163616f7400154c6a6176612f74696d652f4c6f63616c446174653b4c000c64617461436164617374726f71007e00034c0005656d61696c71007e00014c0008656e64657265636f71007e00014c00046e6f6d6571007e00014c000a7065726d6973736f657374002b4c636f6d2f656974732f6465736166696f2f646f6d61696e2f656e746974792f5065726d6973736f65733b5b00077065736f4350467400025b494c000573656e686171007e00014c000f756c74696d6f416c74657261646f7271007e0002787001000000000000000174000b34353939393539383330387074000b3032353432333232303538707372000d6a6176612e74696d652e536572955d84ba1b2248b20c00007870770703000007e1070c78707400177761676e65722e6d617474656940676d61696c2e636f6d74001743656e74726f206465204e6f7661205a656c616e64696174000d5761676e6572204d61747465697e720029636f6d2e656974732e6465736166696f2e646f6d61696e2e656e746974792e5065726d6973736f657300000000000000001200007872000e6a6176612e6c616e672e456e756d0000000000000000120000787074000d41444d494e4953545241444f52757200025b494dba602676eab2a502000078700000000a0000000b0000000a000000090000000800000007000000060000000500000004000000030000000274003c24326124313024672e7754345230576e66656c316a632f6b38344f5875775a453032426c4143534c6657793654796347507676454b76496d383653477371007e000001000000000000000174000b34353939393539383330387074000b3032353432333232303538707371007e0009770703000007e1070c78707400177761676e65722e6d617474656940676d61696c2e636f6d74000643656e74726f74000d5761676e6572204d617474656971007e00107571007e00120000000a0000000b0000000a000000090000000800000007000000060000000500000004000000030000000274000561646d696e70	\N	\N
10	26	1	t	54648796	41245711350	\N	2017-07-12	wagner.mattei@eits.com.br	asdasdasd	Wagner Colaborador	COLABORADOR	$2a$10$mvG4csFTidWkrhKQV/0ea.qJbQp7/O6kxKZXkdnQF5p4vwMBWUb4e	\N	\N	\\xaced000573720026636f6d2e656974732e6465736166696f2e646f6d61696e2e656e746974792e5573756172696f000000000000000102000f5a0005617469766f4a000269644c000763656c756c61727400124c6a6176612f6c616e672f537472696e673b4c000c636f6e6669726d53656e686171007e00014c000363706671007e00014c000763726961646f727400284c636f6d2f656974732f6465736166696f2f646f6d61696e2f656e746974792f5573756172696f3b4c000d64617461416c7465726163616f7400154c6a6176612f74696d652f4c6f63616c446174653b4c000c64617461436164617374726f71007e00034c0005656d61696c71007e00014c0008656e64657265636f71007e00014c00046e6f6d6571007e00014c000a7065726d6973736f657374002b4c636f6d2f656974732f6465736166696f2f646f6d61696e2f656e746974792f5065726d6973736f65733b5b00077065736f4350467400025b494c000573656e686171007e00014c000f756c74696d6f416c74657261646f7271007e0002787001000000000000000174000b34353939393539383330387074000b3032353432333232303538707372000d6a6176612e74696d652e536572955d84ba1b2248b20c00007870770703000007e1070c78707400177761676e65722e6d617474656940676d61696c2e636f6d74001743656e74726f206465204e6f7661205a656c616e64696174000d5761676e6572204d61747465697e720029636f6d2e656974732e6465736166696f2e646f6d61696e2e656e746974792e5065726d6973736f657300000000000000001200007872000e6a6176612e6c616e672e456e756d0000000000000000120000787074000d41444d494e4953545241444f52757200025b494dba602676eab2a502000078700000000a0000000b0000000a000000090000000800000007000000060000000500000004000000030000000274003c24326124313024672e7754345230576e66656c316a632f6b38344f5875775a453032426c4143534c6657793654796347507676454b76496d383653477371007e000001000000000000000174000b34353939393539383330387074000b3032353432333232303538707371007e0009770703000007e1070c78707400177761676e65722e6d617474656940676d61696c2e636f6d74000643656e74726f74000d5761676e6572204d617474656971007e00107571007e00120000000a0000000b0000000a000000090000000800000007000000060000000500000004000000030000000274000561646d696e70	\N	\N
10	27	1	f	54648796	41245711350	\N	2017-07-12	wagner.mattei@eits.com.br	asdasdasd	Wagner Colaborador	COLABORADOR	$2a$10$mvG4csFTidWkrhKQV/0ea.qJbQp7/O6kxKZXkdnQF5p4vwMBWUb4e	\N	\N	\\xaced000573720026636f6d2e656974732e6465736166696f2e646f6d61696e2e656e746974792e5573756172696f000000000000000102000f5a0005617469766f4a000269644c000763656c756c61727400124c6a6176612f6c616e672f537472696e673b4c000c636f6e6669726d53656e686171007e00014c000363706671007e00014c000763726961646f727400284c636f6d2f656974732f6465736166696f2f646f6d61696e2f656e746974792f5573756172696f3b4c000d64617461416c7465726163616f7400154c6a6176612f74696d652f4c6f63616c446174653b4c000c64617461436164617374726f71007e00034c0005656d61696c71007e00014c0008656e64657265636f71007e00014c00046e6f6d6571007e00014c000a7065726d6973736f657374002b4c636f6d2f656974732f6465736166696f2f646f6d61696e2f656e746974792f5065726d6973736f65733b5b00077065736f4350467400025b494c000573656e686171007e00014c000f756c74696d6f416c74657261646f7271007e0002787001000000000000000174000b34353939393539383330387074000b3032353432333232303538707372000d6a6176612e74696d652e536572955d84ba1b2248b20c00007870770703000007e1070c78707400177761676e65722e6d617474656940676d61696c2e636f6d74001743656e74726f206465204e6f7661205a656c616e64696174000d5761676e6572204d61747465697e720029636f6d2e656974732e6465736166696f2e646f6d61696e2e656e746974792e5065726d6973736f657300000000000000001200007872000e6a6176612e6c616e672e456e756d0000000000000000120000787074000d41444d494e4953545241444f52757200025b494dba602676eab2a502000078700000000a0000000b0000000a000000090000000800000007000000060000000500000004000000030000000274003c24326124313024672e7754345230576e66656c316a632f6b38344f5875775a453032426c4143534c6657793654796347507676454b76496d383653477371007e000001000000000000000174000b34353939393539383330387074000b3032353432333232303538707371007e0009770703000007e1070c78707400177761676e65722e6d617474656940676d61696c2e636f6d74000643656e74726f74000d5761676e6572204d617474656971007e00107571007e00120000000a0000000b0000000a000000090000000800000007000000060000000500000004000000030000000274000561646d696e70	\N	\N
10	28	1	t	54648796	41245711350	\N	2017-07-12	wagner.mattei@eits.com.br	asdasdasd	Wagner Colaborador	COLABORADOR	$2a$10$mvG4csFTidWkrhKQV/0ea.qJbQp7/O6kxKZXkdnQF5p4vwMBWUb4e	\N	\N	\\xaced000573720026636f6d2e656974732e6465736166696f2e646f6d61696e2e656e746974792e5573756172696f000000000000000102000f5a0005617469766f4a000269644c000763656c756c61727400124c6a6176612f6c616e672f537472696e673b4c000c636f6e6669726d53656e686171007e00014c000363706671007e00014c000763726961646f727400284c636f6d2f656974732f6465736166696f2f646f6d61696e2f656e746974792f5573756172696f3b4c000d64617461416c7465726163616f7400154c6a6176612f74696d652f4c6f63616c446174653b4c000c64617461436164617374726f71007e00034c0005656d61696c71007e00014c0008656e64657265636f71007e00014c00046e6f6d6571007e00014c000a7065726d6973736f657374002b4c636f6d2f656974732f6465736166696f2f646f6d61696e2f656e746974792f5065726d6973736f65733b5b00077065736f4350467400025b494c000573656e686171007e00014c000f756c74696d6f416c74657261646f7271007e0002787001000000000000000174000b34353939393539383330387074000b3032353432333232303538707372000d6a6176612e74696d652e536572955d84ba1b2248b20c00007870770703000007e1070c78707400177761676e65722e6d617474656940676d61696c2e636f6d74001743656e74726f206465204e6f7661205a656c616e64696174000d5761676e6572204d61747465697e720029636f6d2e656974732e6465736166696f2e646f6d61696e2e656e746974792e5065726d6973736f657300000000000000001200007872000e6a6176612e6c616e672e456e756d0000000000000000120000787074000d41444d494e4953545241444f52757200025b494dba602676eab2a502000078700000000a0000000b0000000a000000090000000800000007000000060000000500000004000000030000000274003c24326124313024672e7754345230576e66656c316a632f6b38344f5875775a453032426c4143534c6657793654796347507676454b76496d383653477371007e000001000000000000000174000b34353939393539383330387074000b3032353432333232303538707371007e0009770703000007e1070c78707400177761676e65722e6d617474656940676d61696c2e636f6d74000643656e74726f74000d5761676e6572204d617474656971007e00107571007e00120000000a0000000b0000000a000000090000000800000007000000060000000500000004000000030000000274000561646d696e70	\N	\N
10	29	1	t	54648796	41245711350	2017-07-12	2017-07-12	wagner.mattei@eits.com.br	asdasdasdssdfs	Wagner Colaborador	COLABORADOR	$2a$10$mvG4csFTidWkrhKQV/0ea.qJbQp7/O6kxKZXkdnQF5p4vwMBWUb4e	\N	\N	\N	\N	1
10	30	1	f	54648796	41245711350	2017-07-12	2017-07-12	wagner.mattei@eits.com.br	asdasdasdssdfs	Wagner Colaborador	COLABORADOR	$2a$10$mvG4csFTidWkrhKQV/0ea.qJbQp7/O6kxKZXkdnQF5p4vwMBWUb4e	\N	\N	\N	\N	1
10	31	1	t	54648796	41245711350	2017-07-12	2017-07-12	wagner.mattei@eits.com.br	asdasdasdssdfs	Wagner Colaborador	COLABORADOR	$2a$10$mvG4csFTidWkrhKQV/0ea.qJbQp7/O6kxKZXkdnQF5p4vwMBWUb4e	\N	\N	\N	\N	1
11	32	0	t	654567	79283871820	\N	2017-07-12	asdd@asdd.com	asdasd	Santos Dumount	ADMINISTRADOR	$2a$10$rOjEDdJskcXQ8B0N.f9unu.Lw.nP/O4aqB3dQIohxuEjZtNoXlJsO	1	\N	\N	\N	\N
11	33	1	f	654567	79283871820	\N	2017-07-12	asdd@asdd.com	asdasd	Santos Dumount	ADMINISTRADOR	$2a$10$rOjEDdJskcXQ8B0N.f9unu.Lw.nP/O4aqB3dQIohxuEjZtNoXlJsO	1	\N	\N	\N	\N
11	34	1	t	654567	79283871820	\N	2017-07-12	asdd@asdd.com	asdasd	Santos Dumount	ADMINISTRADOR	$2a$10$rOjEDdJskcXQ8B0N.f9unu.Lw.nP/O4aqB3dQIohxuEjZtNoXlJsO	1	\N	\N	\N	\N
10	42	1	t	54648796	41245711350	2017-07-12	2017-07-12	wagner.mattei@eits.com.br	asdasdasdssdfsdsadasd	Wagner Colaborador	COLABORADOR	$2a$10$mvG4csFTidWkrhKQV/0ea.qJbQp7/O6kxKZXkdnQF5p4vwMBWUb4e	\N	\N	\N	\N	1
11	45	1	t	654567	79283871820	2017-07-12	2017-07-12	asdd@asdd.com	asdasddsa	Santos Dumount	ADMINISTRADOR	$2a$10$rOjEDdJskcXQ8B0N.f9unu.Lw.nP/O4aqB3dQIohxuEjZtNoXlJsO	1	\N	\N	\N	1
12	46	0	t	456716	67055562503	\N	2017-07-12	wasdds@assd.c	asasdasdd	Andre	COLABORADOR	$2a$10$1cjMliJJ8gMKj7ab6U.48O92Iapw9W1Xbfp.Tf.lARmhH9UkeKFES	1	\N	\N	\N	\N
12	47	1	t	456716	67055562503	2017-07-12	2017-07-12	wasdds@assd.c	asasdasdd	Andre	COLABORADOR	$2a$10$1cjMliJJ8gMKj7ab6U.48O92Iapw9W1Xbfp.Tf.lARmhH9UkeKFES	1	\N	\N	\N	1
13	48	0	t	4565716	88334773471	\N	2017-07-12	asdasd@asdasd.c	aasdasdasddas	Arthur	COLABORADOR	$2a$10$B3.tseP1Z.m3EnF6QyQZ3.ILrbdAM8/rEJPBcENigkeF3YRmEEnSW	1	\N	\N	\N	\N
14	49	0	t	56646746	42943067423	\N	2017-07-12	wasdad@asasd.c	dsadasdasd	Joao	ADMINISTRADOR	$2a$10$ccPgRyq1u.54Igfy5D4RB.3JOBGdRkVSYKB02rIc00/B.uVzTfk96	1	\N	\N	\N	\N
14	50	1	t	56646746	42943067423	2017-07-12	2017-07-12	wasdad@asasd.c	dsadasdasddas	Joao	ADMINISTRADOR	$2a$10$ccPgRyq1u.54Igfy5D4RB.3JOBGdRkVSYKB02rIc00/B.uVzTfk96	1	\N	\N	\N	1
15	65	0	t	556666	66108818123	\N	2017-07-12	asdd@asd.c	asdasdads	Silvio  $antos	ADMINISTRADOR	$2a$10$VBvTj8ESdxhikd8kI6a0SOdjugDC9C98im8J2NBDXiqYRHfBkIVcq	1	\N	\N	\N	\N
1	81	1	t	45999598308	02542322058	2017-07-13	\N	wagner.mattei@gmail.com	Centro de Nova Zelandia	Wagner Mattei	ADMINISTRADOR	$2a$10$g.wT4R0Wnfel1jc/k84OXuwZE02BlACSLfWy6TycGPvvEKvIm86SG	\N	\N	\N	\N	1
15	82	1	f	556666	66108818123	\N	2017-07-12	asdd@asd.c	asdasdads	Silvio  $antos	ADMINISTRADOR	$2a$10$VBvTj8ESdxhikd8kI6a0SOdjugDC9C98im8J2NBDXiqYRHfBkIVcq	1	\N	\N	\N	\N
15	83	1	t	556666	66108818123	\N	2017-07-12	asdd@asd.c	asdasdads	Silvio  $antos	ADMINISTRADOR	$2a$10$VBvTj8ESdxhikd8kI6a0SOdjugDC9C98im8J2NBDXiqYRHfBkIVcq	1	\N	\N	\N	\N
16	84	0	t	454564	44298455491	\N	2017-07-13	wagner.mattei@eits.com	asdsa	Colaborador teste	ADMINISTRADOR	$2a$10$Tyrx/csT97qfyfWUqBpuwuqBcN9pT1qZzoyO5.9iY7lhzj9G18PyG	10	\N	\N	\N	\N
13	85	1	f	4565716	88334773471	\N	2017-07-12	asdasd@asdasd.c	aasdasdasddas	Arthur	COLABORADOR	$2a$10$B3.tseP1Z.m3EnF6QyQZ3.ILrbdAM8/rEJPBcENigkeF3YRmEEnSW	1	\N	\N	\N	\N
11	86	1	t	654567	79283871820	2017-07-13	2017-07-12	santos@dumount.com	asdasddsa	Santos Dumount	ADMINISTRADOR	$2a$10$rOjEDdJskcXQ8B0N.f9unu.Lw.nP/O4aqB3dQIohxuEjZtNoXlJsO	\N	\N	\N	\N	16
11	87	1	t	654567	79283871820	\N	\N	santos@dumount.com	asdasddsa	Santos Dumount	ADMINISTRADOR	$2a$10$/Aga/lroxpa6SXqTpL9M/.1Wvq8Hcg0jCOfUHSrDXj59tO0QaL3wG	\N	\N	\N	\N	16
11	88	1	t	654567	79283871820	2017-07-13	\N	santos@dumount.com	asdasddsa	Santos Dumount	ADMINISTRADOR	$2a$10$/Aga/lroxpa6SXqTpL9M/.1Wvq8Hcg0jCOfUHSrDXj59tO0QaL3wG	\N	\N	\N	\N	16
17	89	0	t	445646574564	02542322058	\N	2017-07-13	wagner.mattei@gmail.com	Centro de Nova Zelandia	Wagner Mattei	ADMINISTRADOR	$2a$10$MMQrTWTze94Vjv3nSwM9cObkyWmLmKtrfQKXXz7FxK2ptpVSxHYju	11	\N	\N	\N	\N
18	90	0	t	456456456	56051218122	\N	2017-07-13	wagner.mattei@eits.com.br	ASDASDASD	Wagner Colaborador	COLABORADOR	$2a$10$QlsEsAKUpG8XP2DPMIC/iuZkW8qZNe.tWDALwy/8LE1gQJTsEQwIy	17	\N	\N	\N	\N
19	91	0	t	4567464156	27707733134	\N	2017-07-13	arthur.kenji@eits.com.br	asdasd	Arthur	ADMINISTRADOR	$2a$10$gXNsG/wUeh6M1xnpToeYm.Oh.pbcgsA.uMv6ZImO9qOTyrjncB1xG	17	\N	\N	\N	\N
19	94	1	f	4567464156	27707733134	\N	2017-07-13	arthur.kenji@eits.com.br	asdasd	Arthur	ADMINISTRADOR	$2a$10$gXNsG/wUeh6M1xnpToeYm.Oh.pbcgsA.uMv6ZImO9qOTyrjncB1xG	17	\N	\N	\N	\N
19	95	1	t	4567464156	27707733134	\N	2017-07-13	arthur.kenji@eits.com.br	asdasd	Arthur	ADMINISTRADOR	$2a$10$gXNsG/wUeh6M1xnpToeYm.Oh.pbcgsA.uMv6ZImO9qOTyrjncB1xG	17	\N	\N	\N	\N
19	96	1	f	4567464156	27707733134	\N	2017-07-13	arthur.kenji@eits.com.br	asdasd	Arthur	ADMINISTRADOR	$2a$10$gXNsG/wUeh6M1xnpToeYm.Oh.pbcgsA.uMv6ZImO9qOTyrjncB1xG	17	\N	\N	\N	\N
19	97	1	t	4567464156	27707733134	\N	2017-07-13	arthur.kenji@eits.com.br	asdasd	Arthur	ADMINISTRADOR	$2a$10$gXNsG/wUeh6M1xnpToeYm.Oh.pbcgsA.uMv6ZImO9qOTyrjncB1xG	17	\N	\N	\N	\N
20	98	0	t	5456456456	60516148508	\N	2017-07-14	andre.luiz@eits.com.br	asddsa	Andre Luiz	ADMINISTRADOR	$2a$10$I/jp2wbRUt8ROCgRJ3zBoOVbewGHgKoVMA2Gk3qKVbeJ3CkhqNYjS	17	\N	\N	\N	\N
17	99	1	t	445646574564	02542322058	2017-07-14	2017-07-13	wagner.mattei@gmail.com	Centro de Nova Zelandia	Wagner Mattei	COLABORADOR	$2a$10$MMQrTWTze94Vjv3nSwM9cObkyWmLmKtrfQKXXz7FxK2ptpVSxHYju	\N	\N	\N	\N	17
18	100	1	t	456456456	56051218122	2017-07-14	2017-07-13	wagner.mattei@eits.com.br	ASDASDASD	Wagner Colaborador	COLABORADOR	$2a$10$QlsEsAKUpG8XP2DPMIC/iuZkW8qZNe.tWDALwy/8LE1gQJTsEQwIy	\N	\N	\N	\N	18
19	101	1	t	4567464156	27707733134	2017-07-14	2017-07-13	arthur.kenji@eits.com.br	asdasd	Arthur	COLABORADOR	$2a$10$gXNsG/wUeh6M1xnpToeYm.Oh.pbcgsA.uMv6ZImO9qOTyrjncB1xG	\N	\N	\N	\N	18
19	102	1	t	4567464156	27707733134	2017-07-14	2017-07-13	arthur.kenji@eits.com.br	asdasdads	Arthur	COLABORADOR	$2a$10$gXNsG/wUeh6M1xnpToeYm.Oh.pbcgsA.uMv6ZImO9qOTyrjncB1xG	\N	\N	\N	\N	18
18	103	1	t	\N	02542322058	2017-07-14	\N	wagner.mattei@gmail.com	asdasd	Wagner Mattei	ADMINISTRADOR	$2a$10$Q08O/xdiqeSersYeff1HwOY5CQEbstVE1zytWf3grxDHhe5Sae56W	\N	\N	\N	\N	18
19	104	1	t	4567464156	27707733134	2017-07-14	2017-07-13	arthur.kenji@eits.com.br	asdasdadssa	Arthur	COLABORADOR	$2a$10$gXNsG/wUeh6M1xnpToeYm.Oh.pbcgsA.uMv6ZImO9qOTyrjncB1xG	\N	\N	\N	\N	18
18	105	1	t	\N	02542322058	2017-07-14	\N	wagner.mattei@gmail.com	asdasddsa	Wagner Mattei	ADMINISTRADOR	$2a$10$Q08O/xdiqeSersYeff1HwOY5CQEbstVE1zytWf3grxDHhe5Sae56W	\N	\N	\N	\N	\N
21	106	0	t	4456465	55841155172	\N	2017-07-14	asdad@asd.com	dsaadsasd	Jose	ADMINISTRADOR	$2a$10$I4saP.uNDyqGsyV/JRRQz.Wj9UqbmS9IyFHyjL4jub42B0auATW3e	18	\N	\N	\N	\N
21	107	1	t	4456465	55841155172	2017-07-14	2017-07-14	asdad@asd.com	dsaadsasdg	Jose	ADMINISTRADOR	$2a$10$I4saP.uNDyqGsyV/JRRQz.Wj9UqbmS9IyFHyjL4jub42B0auATW3e	18	\N	\N	\N	18
21	108	1	f	4456465	55841155172	2017-07-14	2017-07-14	asdad@asd.com	dsaadsasdg	Jose	ADMINISTRADOR	$2a$10$I4saP.uNDyqGsyV/JRRQz.Wj9UqbmS9IyFHyjL4jub42B0auATW3e	18	\N	\N	\N	18
21	109	1	t	4456465	55841155172	2017-07-14	2017-07-14	asdad@asd.com	dsaadsasdg	Jose	ADMINISTRADOR	$2a$10$I4saP.uNDyqGsyV/JRRQz.Wj9UqbmS9IyFHyjL4jub42B0auATW3e	18	\N	\N	\N	18
22	110	0	t	45645646	59371756624	\N	2017-07-14	asdasd@asdd.cop	asdasdasdasd	Joao	COLABORADOR	$2a$10$8VQW.X8dKAAtkzgVGeEnuedp4/tEeQkvH18P.tjAbNElPMQISNHqK	18	\N	\N	\N	\N
23	111	0	t	456456456	65476673164	\N	2017-07-14	asd@asdasdas.c	adsasd	Silvio  $antos	COLABORADOR	$2a$10$Ycc9EYYjPDXj0cV.CjTT6ObzgJI/VVMVCo87JB18nLuO/lDMPYn7m	18	\N	\N	\N	\N
23	112	1	f	456456456	65476673164	\N	2017-07-14	asd@asdasdas.c	adsasd	Silvio  $antos	COLABORADOR	$2a$10$Ycc9EYYjPDXj0cV.CjTT6ObzgJI/VVMVCo87JB18nLuO/lDMPYn7m	18	\N	\N	\N	\N
18	113	1	t	\N	02542322058	\N	\N	wagner.mattei@gmail.com	asdasddsa	Wagner Mattei	ADMINISTRADOR	$2a$10$Tapk06Lmz.3IVYrOFTa8EOjRckSlA1Hbd/AM3AlJ5Ukml5pgM5PzK	\N	\N	\N	\N	\N
18	114	1	t	\N	02542322058	2017-07-14	\N	wagner.mattei@gmail.com	asdasddsa	Wagner Mattei	ADMINISTRADOR	$2a$10$Tapk06Lmz.3IVYrOFTa8EOjRckSlA1Hbd/AM3AlJ5Ukml5pgM5PzK	\N	\N	\N	\N	\N
21	115	1	t	4456465	55841155172	\N	\N	asdad@asd.com	dsaadsasdg	Jose	ADMINISTRADOR	$2a$10$9n4c7Jg5Ybh5LHzUT1vNu.3WWdLace/abjnPReFX6UBqCaRwXwrqO	18	\N	\N	\N	18
20	116	1	t	5456456456	60516148508	\N	\N	andre.luiz@eits.com.br	asddsa	Andre Luiz	ADMINISTRADOR	$2a$10$WBl6jyG5Taq48Vhm7e0wvetNU9hwdsJJJAibX/wZLxaEstKYJqeKe	\N	\N	\N	\N	\N
21	117	1	t	4456465	55841155172	\N	\N	asdad@asd.com	dsaadsasdg	Jose	ADMINISTRADOR	$2a$10$7BeKKkv98QUwyw9Q5qMShuIj/d5q/x6io4Be.q5EZucb4k.3aCKq2	18	\N	\N	\N	18
21	118	1	t	4456465	55841155172	\N	\N	asdad@asd.com	dsaadsasdg	Jose	ADMINISTRADOR	$2a$10$HeOQ20iYik3hpdkOge8omOzAzZOt3s4C5zEIHKcgh4xfKdu87k0.6	18	\N	\N	\N	18
18	119	1	t	\N	02542322058	2017-07-14	\N	wagner.mattei@gmail.com	asdasddsa	Wagner Mattei	COLABORADOR	$2a$10$Tapk06Lmz.3IVYrOFTa8EOjRckSlA1Hbd/AM3AlJ5Ukml5pgM5PzK	\N	\N	\N	\N	\N
18	120	1	t	\N	02542322058	2017-07-14	\N	wagner.mattei@gmail.com	asdasddsa	Wagner Mattei	ADMINISTRADOR	$2a$10$Tapk06Lmz.3IVYrOFTa8EOjRckSlA1Hbd/AM3AlJ5Ukml5pgM5PzK	\N	\N	\N	\N	\N
18	121	1	t	\N	02542322058	2017-07-14	\N	wagner.mattei@gmail.com	asdasddsa	Wagner Mattei	COLABORADOR	$2a$10$Tapk06Lmz.3IVYrOFTa8EOjRckSlA1Hbd/AM3AlJ5Ukml5pgM5PzK	\N	\N	\N	\N	\N
18	122	1	t	\N	02542322058	2017-07-14	\N	wagner.mattei@gmail.com	asdasddsa	Wagner Mattei	ADMINISTRADOR	$2a$10$Tapk06Lmz.3IVYrOFTa8EOjRckSlA1Hbd/AM3AlJ5Ukml5pgM5PzK	\N	\N	\N	\N	\N
23	123	1	f	456456456	65476673164	2017-07-14	2017-07-14	asd@asdasdas.c	adsasd	Silvio  $antos	ADMINISTRADOR	$2a$10$Ycc9EYYjPDXj0cV.CjTT6ObzgJI/VVMVCo87JB18nLuO/lDMPYn7m	18	\N	\N	\N	18
18	124	1	t	\N	02542322058	2017-07-14	\N	wagner.mattei@gmail.com	asdasddsa	Wagner Mattei	COLABORADOR	$2a$10$Tapk06Lmz.3IVYrOFTa8EOjRckSlA1Hbd/AM3AlJ5Ukml5pgM5PzK	\N	\N	\N	\N	\N
18	125	1	t	\N	02542322058	2017-07-14	\N	wagner.mattei@gmail.com	asdasddsa	Wagner G. Mattei	COLABORADOR	$2a$10$Tapk06Lmz.3IVYrOFTa8EOjRckSlA1Hbd/AM3AlJ5Ukml5pgM5PzK	\N	\N	\N	\N	\N
18	137	1	t	\N	02542322058	2017-07-14	\N	wagner.mattei@gmail.com	asdasddsa	Wagner G. Mattei	COLABORADOR	$2a$10$Tapk06Lmz.3IVYrOFTa8EOjRckSlA1Hbd/AM3AlJ5Ukml5pgM5PzK	\N	\N	\N	\N	\N
18	138	1	t	\N	02542322058	2017-07-14	\N	wagner.mattei@gmail.com	asdasddsa	Wagner G. Mattei	ADMINISTRADOR	$2a$10$Tapk06Lmz.3IVYrOFTa8EOjRckSlA1Hbd/AM3AlJ5Ukml5pgM5PzK	\N	\N	\N	\N	\N
18	139	1	t	\N	02542322058	\N	\N	wagner.mattei@gmail.com	asdasddsa	Wagner G. Mattei	ADMINISTRADOR	$2a$10$3JJD81xIbBwNYV4KAShzE.FiPsR/DFvBDeA77Fz0fUmPwRv5b3rmi	\N	\N	\N	\N	\N
18	140	1	t	\N	02542322058	2017-07-14	\N	wagner.mattei@gmail.com	asdasddsa	Wagner G. Mattei	ADMINISTRADOR	$2a$10$3JJD81xIbBwNYV4KAShzE.FiPsR/DFvBDeA77Fz0fUmPwRv5b3rmi	\N	\N	\N	\N	\N
24	146	0	t	555555555555	65938663261	\N	2017-07-14	wagner.mattei@eits.com.br	Centro, Av. JK	Wagner Colaborador	COLABORADOR	$2a$10$pNQgSdKJInadOkFTuBgt1eZZ6c.owICQaRb.iE6thTI8XTKr7nd5W	18	\N	\N	\N	\N
\.


--
-- TOC entry 2257 (class 0 OID 0)
-- Dependencies: 192
-- Name: usuario_id_seq; Type: SEQUENCE SET; Schema: public; Owner: postgres
--

SELECT pg_catalog.setval('usuario_id_seq', 24, true);


-- Completed on 2017-07-14 10:47:46 BRT

--
-- PostgreSQL database dump complete
--
